region,hour,technology,value
DE,1,P_Wind_Offshore_Deep,0.663232851
DE,2,P_Wind_Offshore_Deep,0.452347584
DE,3,P_Wind_Offshore_Deep,0.453962963
DE,4,P_Wind_Offshore_Deep,0.241376912
DE,5,P_Wind_Offshore_Deep,0.260758924
DE,6,P_Wind_Offshore_Deep,0.450299769
DE,7,P_Wind_Offshore_Deep,0.61817131
DE,8,P_Wind_Offshore_Deep,0.778114794
DE,9,P_Wind_Offshore_Deep,0.769374255
DE,10,P_Wind_Offshore_Deep,0.895764174
DE,11,P_Wind_Offshore_Deep,1
DE,12,P_Wind_Offshore_Deep,0.923006628
DE,13,P_Wind_Offshore_Deep,0.519523463
DE,14,P_Wind_Offshore_Deep,0.252645783
DE,16,P_Wind_Offshore_Deep,0.190223124
DE,17,P_Wind_Offshore_Deep,0.224466036
DE,18,P_Wind_Offshore_Deep,0.49861333
DE,19,P_Wind_Offshore_Deep,0.323611961
DE,20,P_Wind_Offshore_Deep,0.486265451
DE,21,P_Wind_Offshore_Deep,0.223901832
DE,22,P_Wind_Offshore_Deep,0.579178049
DE,23,P_Wind_Offshore_Deep,0.412118074
DE,24,P_Wind_Offshore_Deep,0.595556394
DE,25,P_Wind_Offshore_Deep,0.508475566
DE,26,P_Wind_Offshore_Deep,0.511889789
DE,27,P_Wind_Offshore_Deep,0.687930648
DE,28,P_Wind_Offshore_Deep,0.687504654
DE,29,P_Wind_Offshore_Deep,0.68648025
DE,30,P_Wind_Offshore_Deep,0.409248884
DE,31,P_Wind_Offshore_Deep,0.30379466
DE,32,P_Wind_Offshore_Deep,0.320495295
DE,33,P_Wind_Offshore_Deep,0.291377922
DE,34,P_Wind_Offshore_Deep,0.375190928
DE,35,P_Wind_Offshore_Deep,0.506834482
DE,36,P_Wind_Offshore_Deep,0.473777834
DE,37,P_Wind_Offshore_Deep,0.373685146
DE,38,P_Wind_Offshore_Deep,0.194409547
DE,39,P_Wind_Offshore_Deep,0.413013145
DE,40,P_Wind_Offshore_Deep,0.322970948
DE,41,P_Wind_Offshore_Deep,0.272175663
DE,42,P_Wind_Offshore_Deep,0.144254436
DE,43,P_Wind_Offshore_Deep,0.201835337
DE,44,P_Wind_Offshore_Deep,0.410529838
DE,45,P_Wind_Offshore_Deep,0.333293608
DE,46,P_Wind_Offshore_Deep,0.210471514
DE,47,P_Wind_Offshore_Deep,0.006467427
DE,48,P_Wind_Offshore_Deep,0.051628775
DE,49,P_Wind_Offshore_Deep,0.062232102
DE,50,P_Wind_Offshore_Deep,0.394379645
DE,51,P_Wind_Offshore_Deep,0.321952651
DE,52,P_Wind_Offshore_Deep,0.471321582
DE,53,P_Wind_Offshore_Deep,0.154218136
DE,54,P_Wind_Offshore_Deep,0.421663164
DE,55,P_Wind_Offshore_Deep,0.281715864
DE,56,P_Wind_Offshore_Deep,0.343136747
DE,57,P_Wind_Offshore_Deep,0.353961935
DE,58,P_Wind_Offshore_Deep,0.64508971
DE,59,P_Wind_Offshore_Deep,0.857567871
DE,60,P_Wind_Offshore_Deep,0.595335685
DE,61,P_Wind_Offshore_Deep,0.301207554
DE,62,P_Wind_Offshore_Deep,0.110941843
DE,63,P_Wind_Offshore_Deep,0.168066428
DE,64,P_Wind_Offshore_Deep,0.204248469
DE,65,P_Wind_Offshore_Deep,0.113774457
DE,66,P_Wind_Offshore_Deep,0.03945039
DE,67,P_Wind_Offshore_Deep,0.101281704
DE,68,P_Wind_Offshore_Deep,0.081498251
DE,69,P_Wind_Offshore_Deep,0.239603617
DE,70,P_Wind_Offshore_Deep,0.246715725
DE,71,P_Wind_Offshore_Deep,0.349539613
DE,72,P_Wind_Offshore_Deep,0.342266562
DE,73,P_Wind_Offshore_Deep,0.41808013
DE,74,P_Wind_Offshore_Deep,0.537814539
DE,75,P_Wind_Offshore_Deep,0.430654076
DE,76,P_Wind_Offshore_Deep,0.295157799
DE,77,P_Wind_Offshore_Deep,0.191411816
DE,78,P_Wind_Offshore_Deep,0.323196392
DE,79,P_Wind_Offshore_Deep,0.38465698
DE,80,P_Wind_Offshore_Deep,0.628388006
DE,81,P_Wind_Offshore_Deep,0.435464699
DE,82,P_Wind_Offshore_Deep,0.326123481
DE,83,P_Wind_Offshore_Deep,0.053486397
DE,84,P_Wind_Offshore_Deep,0.185948731
DE,85,P_Wind_Offshore_Deep,0.408466649
DE,86,P_Wind_Offshore_Deep,0.447264672
DE,87,P_Wind_Offshore_Deep,0.595223448
DE,88,P_Wind_Offshore_Deep,0.432506333
DE,89,P_Wind_Offshore_Deep,0.548842208
DE,90,P_Wind_Offshore_Deep,0.535244446
DE,91,P_Wind_Offshore_Deep,0.64958959
DE,92,P_Wind_Offshore_Deep,0.511914489
DE,93,P_Wind_Offshore_Deep,0.523059199
DE,94,P_Wind_Offshore_Deep,0.509450838
DE,95,P_Wind_Offshore_Deep,0.752527704
DE,96,P_Wind_Offshore_Deep,0.707042816
DE,97,P_Wind_Offshore_Deep,0.876047371
DE,98,P_Wind_Offshore_Deep,0.856333742
DE,99,P_Wind_Offshore_Deep,1
DE,100,P_Wind_Offshore_Deep,1
DE,101,P_Wind_Offshore_Deep,0.754991569
DE,102,P_Wind_Offshore_Deep,0.609337768
DE,103,P_Wind_Offshore_Deep,0.561688022
DE,104,P_Wind_Offshore_Deep,0.687395968
DE,105,P_Wind_Offshore_Deep,0.701283269
DE,106,P_Wind_Offshore_Deep,0.559306064
DE,107,P_Wind_Offshore_Deep,0.549425734
DE,108,P_Wind_Offshore_Deep,0.375245382
DE,109,P_Wind_Offshore_Deep,0.505198531
DE,110,P_Wind_Offshore_Deep,0.580840015
DE,111,P_Wind_Offshore_Deep,0.779704101
DE,112,P_Wind_Offshore_Deep,0.581165954
DE,113,P_Wind_Offshore_Deep,0.503120531
DE,114,P_Wind_Offshore_Deep,0.45003651
DE,115,P_Wind_Offshore_Deep,0.483136643
DE,116,P_Wind_Offshore_Deep,0.55151022
DE,117,P_Wind_Offshore_Deep,0.65178421
DE,118,P_Wind_Offshore_Deep,0.601053074
DE,119,P_Wind_Offshore_Deep,0.595056995
DE,120,P_Wind_Offshore_Deep,0.400600377
DE,1,P_Wind_Onshore_Avg,0.447248269
DE,2,P_Wind_Onshore_Avg,0.356351924
DE,3,P_Wind_Onshore_Avg,0.654066653
DE,4,P_Wind_Onshore_Avg,0.760059782
DE,5,P_Wind_Onshore_Avg,0.789769872
DE,6,P_Wind_Onshore_Avg,0.386234829
DE,7,P_Wind_Onshore_Avg,0.134473688
DE,8,P_Wind_Onshore_Avg,0.088646911
DE,9,P_Wind_Onshore_Avg,0.34725219
DE,10,P_Wind_Onshore_Avg,0.407688495
DE,11,P_Wind_Onshore_Avg,0.382112446
DE,12,P_Wind_Onshore_Avg,0.093096709
DE,13,P_Wind_Onshore_Avg,0.126381235
DE,14,P_Wind_Onshore_Avg,0.107911521
DE,15,P_Wind_Onshore_Avg,0.255302906
DE,16,P_Wind_Onshore_Avg,0.248800103
DE,17,P_Wind_Onshore_Avg,0.334579308
DE,18,P_Wind_Onshore_Avg,0.203741727
DE,19,P_Wind_Onshore_Avg,0.118524875
DE,20,P_Wind_Onshore_Avg,0.2416671
DE,21,P_Wind_Onshore_Avg,0.247787692
DE,22,P_Wind_Onshore_Avg,0.257207124
DE,23,P_Wind_Onshore_Avg,0.074965863
DE,24,P_Wind_Onshore_Avg,0.139269141
DE,25,P_Wind_Onshore_Avg,0.233918783
DE,26,P_Wind_Onshore_Avg,0.226429702
DE,27,P_Wind_Onshore_Avg,0.109128057
DE,28,P_Wind_Onshore_Avg,0.042060787
DE,29,P_Wind_Onshore_Avg,0.336102778
DE,30,P_Wind_Onshore_Avg,0.600536319
DE,31,P_Wind_Onshore_Avg,0.637427333
DE,32,P_Wind_Onshore_Avg,0.285961006
DE,33,P_Wind_Onshore_Avg,0.249610744
DE,34,P_Wind_Onshore_Avg,0.335304563
DE,35,P_Wind_Onshore_Avg,0.430032572
DE,36,P_Wind_Onshore_Avg,0.266641528
DE,37,P_Wind_Onshore_Avg,0.161031191
DE,38,P_Wind_Onshore_Avg,0.072548385
DE,39,P_Wind_Onshore_Avg,0.176778827
DE,40,P_Wind_Onshore_Avg,0.135756292
DE,41,P_Wind_Onshore_Avg,0.21586173
DE,42,P_Wind_Onshore_Avg,0.152631444
DE,43,P_Wind_Onshore_Avg,0.238654088
DE,44,P_Wind_Onshore_Avg,0.177961564
DE,45,P_Wind_Onshore_Avg,0.123178498
DE,46,P_Wind_Onshore_Avg,0.048317754
DE,47,P_Wind_Onshore_Avg,0.018229667
DE,48,P_Wind_Onshore_Avg,0.095662904
DE,49,P_Wind_Onshore_Avg,0.284495614
DE,50,P_Wind_Onshore_Avg,0.576872281
DE,51,P_Wind_Onshore_Avg,0.496574992
DE,52,P_Wind_Onshore_Avg,0.262940087
DE,53,P_Wind_Onshore_Avg,0.041534486
DE,54,P_Wind_Onshore_Avg,0.044850153
DE,55,P_Wind_Onshore_Avg,0.072448075
DE,56,P_Wind_Onshore_Avg,0.162004983
DE,57,P_Wind_Onshore_Avg,0.153833344
DE,58,P_Wind_Onshore_Avg,0.104665356
DE,59,P_Wind_Onshore_Avg,0.052449053
DE,60,P_Wind_Onshore_Avg,0.133949834
DE,61,P_Wind_Onshore_Avg,0.262597991
DE,62,P_Wind_Onshore_Avg,0.416301383
DE,63,P_Wind_Onshore_Avg,0.255031152
DE,64,P_Wind_Onshore_Avg,0.17268519
DE,65,P_Wind_Onshore_Avg,0.096253358
DE,66,P_Wind_Onshore_Avg,0.151192169
DE,67,P_Wind_Onshore_Avg,0.112685671
DE,68,P_Wind_Onshore_Avg,0.133019756
DE,69,P_Wind_Onshore_Avg,0.316857907
DE,70,P_Wind_Onshore_Avg,0.298312919
DE,71,P_Wind_Onshore_Avg,0.222345685
DE,72,P_Wind_Onshore_Avg,0.013679011
DE,73,P_Wind_Onshore_Avg,0.020292628
DE,74,P_Wind_Onshore_Avg,0.132845541
DE,75,P_Wind_Onshore_Avg,0.271802946
DE,76,P_Wind_Onshore_Avg,0.319651904
DE,77,P_Wind_Onshore_Avg,0.295565051
DE,78,P_Wind_Onshore_Avg,0.239992083
DE,79,P_Wind_Onshore_Avg,0.18459458
DE,80,P_Wind_Onshore_Avg,0.111459636
DE,81,P_Wind_Onshore_Avg,0.089912893
DE,82,P_Wind_Onshore_Avg,0.207095054
DE,83,P_Wind_Onshore_Avg,0.214361986
DE,84,P_Wind_Onshore_Avg,0.311358913
DE,85,P_Wind_Onshore_Avg,0.365952218
DE,86,P_Wind_Onshore_Avg,0.349595093
DE,87,P_Wind_Onshore_Avg,0.266092382
DE,88,P_Wind_Onshore_Avg,0.148562062
DE,89,P_Wind_Onshore_Avg,0.140150722
DE,90,P_Wind_Onshore_Avg,0.099814402
DE,91,P_Wind_Onshore_Avg,0.079139617
DE,92,P_Wind_Onshore_Avg,0.083834658
DE,93,P_Wind_Onshore_Avg,0.141269312
DE,94,P_Wind_Onshore_Avg,0.188943457
DE,95,P_Wind_Onshore_Avg,0.144341627
DE,96,P_Wind_Onshore_Avg,0.062349549
DE,97,P_Wind_Onshore_Avg,0.155519809
DE,98,P_Wind_Onshore_Avg,0.136690934
DE,99,P_Wind_Onshore_Avg,0.115035233
DE,100,P_Wind_Onshore_Avg,0.004779131
DE,101,P_Wind_Onshore_Avg,0.000933333
DE,102,P_Wind_Onshore_Avg,0.040139009
DE,103,P_Wind_Onshore_Avg,0.275672243
DE,104,P_Wind_Onshore_Avg,0.517403265
DE,105,P_Wind_Onshore_Avg,0.683430372
DE,106,P_Wind_Onshore_Avg,0.713534479
DE,107,P_Wind_Onshore_Avg,0.487825231
DE,108,P_Wind_Onshore_Avg,0.333202364
DE,109,P_Wind_Onshore_Avg,0.166772353
DE,110,P_Wind_Onshore_Avg,0.219720353
DE,111,P_Wind_Onshore_Avg,0.353924708
DE,112,P_Wind_Onshore_Avg,0.252791845
DE,113,P_Wind_Onshore_Avg,0.33653836
DE,114,P_Wind_Onshore_Avg,0.141151465
DE,115,P_Wind_Onshore_Avg,0.196883334
DE,116,P_Wind_Onshore_Avg,0.130643591
DE,117,P_Wind_Onshore_Avg,0.385784599
DE,118,P_Wind_Onshore_Avg,0.657560287
DE,119,P_Wind_Onshore_Avg,0.783628195
DE,120,P_Wind_Onshore_Avg,0.792666667
DK,1,P_Wind_Offshore_Deep,0.90035868
DK,2,P_Wind_Offshore_Deep,0.616473129
DK,3,P_Wind_Offshore_Deep,0.647303688
DK,4,P_Wind_Offshore_Deep,0.373861612
DK,5,P_Wind_Offshore_Deep,0.386404779
DK,6,P_Wind_Offshore_Deep,0.348452118
DK,7,P_Wind_Offshore_Deep,0.581491078
DK,8,P_Wind_Offshore_Deep,0.634961129
DK,9,P_Wind_Offshore_Deep,0.657724097
DK,10,P_Wind_Offshore_Deep,0.650516926
DK,11,P_Wind_Offshore_Deep,0.796684145
DK,12,P_Wind_Offshore_Deep,0.633158525
DK,13,P_Wind_Offshore_Deep,0.324847224
DK,14,P_Wind_Offshore_Deep,0.115779042
DK,15,P_Wind_Offshore_Deep,0.020896919
DK,16,P_Wind_Offshore_Deep,0.267011331
DK,17,P_Wind_Offshore_Deep,0.300059978
DK,18,P_Wind_Offshore_Deep,0.570566925
DK,19,P_Wind_Offshore_Deep,0.42274939
DK,20,P_Wind_Offshore_Deep,0.717472821
DK,21,P_Wind_Offshore_Deep,0.416834738
DK,22,P_Wind_Offshore_Deep,0.693652446
DK,23,P_Wind_Offshore_Deep,0.344028158
DK,24,P_Wind_Offshore_Deep,0.413515675
DK,25,P_Wind_Offshore_Deep,0.437550107
DK,26,P_Wind_Offshore_Deep,0.596509262
DK,27,P_Wind_Offshore_Deep,0.740542191
DK,28,P_Wind_Offshore_Deep,0.501398249
DK,29,P_Wind_Offshore_Deep,0.430116233
DK,30,P_Wind_Offshore_Deep,0.226265858
DK,31,P_Wind_Offshore_Deep,0.24299401
DK,32,P_Wind_Offshore_Deep,0.139714477
DK,33,P_Wind_Offshore_Deep,0.358860229
DK,34,P_Wind_Offshore_Deep,0.429413209
DK,35,P_Wind_Offshore_Deep,0.531703804
DK,36,P_Wind_Offshore_Deep,0.301684846
DK,37,P_Wind_Offshore_Deep,0.393766717
DK,38,P_Wind_Offshore_Deep,0.332644378
DK,39,P_Wind_Offshore_Deep,0.651816598
DK,40,P_Wind_Offshore_Deep,0.367855332
DK,41,P_Wind_Offshore_Deep,0.331793436
DK,42,P_Wind_Offshore_Deep,0.04989315
DK,43,P_Wind_Offshore_Deep,0.0929109
DK,44,P_Wind_Offshore_Deep,0.283402006
DK,45,P_Wind_Offshore_Deep,0.437580464
DK,46,P_Wind_Offshore_Deep,0.365858166
DK,47,P_Wind_Offshore_Deep,0.193248267
DK,48,P_Wind_Offshore_Deep,0.074806149
DK,49,P_Wind_Offshore_Deep,0.16674511
DK,50,P_Wind_Offshore_Deep,0.438538796
DK,51,P_Wind_Offshore_Deep,0.381144068
DK,52,P_Wind_Offshore_Deep,0.403576578
DK,53,P_Wind_Offshore_Deep,0.128620829
DK,54,P_Wind_Offshore_Deep,0.476061138
DK,55,P_Wind_Offshore_Deep,0.394199497
DK,56,P_Wind_Offshore_Deep,0.38757542
DK,57,P_Wind_Offshore_Deep,0.183516668
DK,58,P_Wind_Offshore_Deep,0.496479975
DK,59,P_Wind_Offshore_Deep,0.787173013
DK,60,P_Wind_Offshore_Deep,0.648474913
DK,61,P_Wind_Offshore_Deep,0.441161582
DK,62,P_Wind_Offshore_Deep,0.152248916
DK,63,P_Wind_Offshore_Deep,0.157546311
DK,64,P_Wind_Offshore_Deep,0.253290691
DK,65,P_Wind_Offshore_Deep,0.328310644
DK,66,P_Wind_Offshore_Deep,0.313248207
DK,67,P_Wind_Offshore_Deep,0.118206564
DK,69,P_Wind_Offshore_Deep,0.083244751
DK,70,P_Wind_Offshore_Deep,0.098974032
DK,71,P_Wind_Offshore_Deep,0.135389692
DK,72,P_Wind_Offshore_Deep,0.092949801
DK,73,P_Wind_Offshore_Deep,0.323113344
DK,74,P_Wind_Offshore_Deep,0.634936745
DK,75,P_Wind_Offshore_Deep,0.605880093
DK,76,P_Wind_Offshore_Deep,0.42148307
DK,77,P_Wind_Offshore_Deep,0.15927253
DK,78,P_Wind_Offshore_Deep,0.267241888
DK,79,P_Wind_Offshore_Deep,0.314146814
DK,80,P_Wind_Offshore_Deep,0.600902896
DK,81,P_Wind_Offshore_Deep,0.470515738
DK,82,P_Wind_Offshore_Deep,0.511368316
DK,83,P_Wind_Offshore_Deep,0.228857659
DK,84,P_Wind_Offshore_Deep,0.266015418
DK,85,P_Wind_Offshore_Deep,0.256804109
DK,86,P_Wind_Offshore_Deep,0.18306259
DK,87,P_Wind_Offshore_Deep,0.502325382
DK,88,P_Wind_Offshore_Deep,0.407506533
DK,89,P_Wind_Offshore_Deep,0.473518162
DK,90,P_Wind_Offshore_Deep,0.297915393
DK,91,P_Wind_Offshore_Deep,0.461265083
DK,92,P_Wind_Offshore_Deep,0.466312919
DK,93,P_Wind_Offshore_Deep,0.591991963
DK,94,P_Wind_Offshore_Deep,0.408703995
DK,95,P_Wind_Offshore_Deep,0.487752408
DK,96,P_Wind_Offshore_Deep,0.307605177
DK,97,P_Wind_Offshore_Deep,0.494769621
DK,98,P_Wind_Offshore_Deep,0.648423125
DK,99,P_Wind_Offshore_Deep,0.907750826
DK,100,P_Wind_Offshore_Deep,1
DK,101,P_Wind_Offshore_Deep,0.96437199
DK,102,P_Wind_Offshore_Deep,0.802171056
DK,103,P_Wind_Offshore_Deep,0.603740535
DK,104,P_Wind_Offshore_Deep,0.665003228
DK,105,P_Wind_Offshore_Deep,0.802943777
DK,106,P_Wind_Offshore_Deep,0.744090718
DK,107,P_Wind_Offshore_Deep,0.487344617
DK,108,P_Wind_Offshore_Deep,0.287461497
DK,109,P_Wind_Offshore_Deep,0.554854253
DK,110,P_Wind_Offshore_Deep,0.709003224
DK,111,P_Wind_Offshore_Deep,0.905862536
DK,112,P_Wind_Offshore_Deep,0.618577263
DK,113,P_Wind_Offshore_Deep,0.584130826
DK,114,P_Wind_Offshore_Deep,0.345955458
DK,115,P_Wind_Offshore_Deep,0.517470541
DK,116,P_Wind_Offshore_Deep,0.509008302
DK,117,P_Wind_Offshore_Deep,0.753404753
DK,118,P_Wind_Offshore_Deep,0.583583635
DK,119,P_Wind_Offshore_Deep,0.564841787
DK,120,P_Wind_Offshore_Deep,0.30028781
DK,1,P_Wind_Onshore_Avg,0.429821379
DK,2,P_Wind_Onshore_Avg,0.258364554
DK,3,P_Wind_Onshore_Avg,0.317562194
DK,4,P_Wind_Onshore_Avg,0.125166835
DK,5,P_Wind_Onshore_Avg,0.114444874
DK,6,P_Wind_Onshore_Avg,0.074354956
DK,7,P_Wind_Onshore_Avg,0.163676347
DK,8,P_Wind_Onshore_Avg,0.228858759
DK,9,P_Wind_Onshore_Avg,0.322412013
DK,10,P_Wind_Onshore_Avg,0.327468379
DK,11,P_Wind_Onshore_Avg,0.460781266
DK,12,P_Wind_Onshore_Avg,0.319478101
DK,13,P_Wind_Onshore_Avg,0.194169024
DK,14,P_Wind_Onshore_Avg,0.066100158
DK,15,P_Wind_Onshore_Avg,0.031756458
DK,16,P_Wind_Onshore_Avg,0.131452582
DK,17,P_Wind_Onshore_Avg,0.112836207
DK,18,P_Wind_Onshore_Avg,0.219359189
DK,19,P_Wind_Onshore_Avg,0.113197722
DK,20,P_Wind_Onshore_Avg,0.353730757
DK,21,P_Wind_Onshore_Avg,0.189161328
DK,22,P_Wind_Onshore_Avg,0.394435977
DK,23,P_Wind_Onshore_Avg,0.137733617
DK,24,P_Wind_Onshore_Avg,0.20021947
DK,25,P_Wind_Onshore_Avg,0.357712133
DK,26,P_Wind_Onshore_Avg,0.490478531
DK,27,P_Wind_Onshore_Avg,0.57561415
DK,28,P_Wind_Onshore_Avg,0.196199937
DK,29,P_Wind_Onshore_Avg,0.140576368
DK,30,P_Wind_Onshore_Avg,0.044583466
DK,31,P_Wind_Onshore_Avg,0.064095018
DK,32,P_Wind_Onshore_Avg,0.029764457
DK,33,P_Wind_Onshore_Avg,0.101782193
DK,34,P_Wind_Onshore_Avg,0.225810555
DK,35,P_Wind_Onshore_Avg,0.349969667
DK,36,P_Wind_Onshore_Avg,0.247222272
DK,37,P_Wind_Onshore_Avg,0.251504489
DK,38,P_Wind_Onshore_Avg,0.149545893
DK,39,P_Wind_Onshore_Avg,0.399619122
DK,40,P_Wind_Onshore_Avg,0.192086901
DK,41,P_Wind_Onshore_Avg,0.189602066
DK,42,P_Wind_Onshore_Avg,0.035720992
DK,43,P_Wind_Onshore_Avg,0.057520409
DK,44,P_Wind_Onshore_Avg,0.140908788
DK,45,P_Wind_Onshore_Avg,0.20147543
DK,46,P_Wind_Onshore_Avg,0.154787203
DK,47,P_Wind_Onshore_Avg,0.077864799
DK,48,P_Wind_Onshore_Avg,0.023039778
DK,49,P_Wind_Onshore_Avg,0.047295878
DK,50,P_Wind_Onshore_Avg,0.19665527
DK,51,P_Wind_Onshore_Avg,0.159550687
DK,52,P_Wind_Onshore_Avg,0.175959233
DK,53,P_Wind_Onshore_Avg,0.018217909
DK,54,P_Wind_Onshore_Avg,0.219021259
DK,55,P_Wind_Onshore_Avg,0.180531705
DK,56,P_Wind_Onshore_Avg,0.173347614
DK,57,P_Wind_Onshore_Avg,0.053719124
DK,58,P_Wind_Onshore_Avg,0.221649662
DK,59,P_Wind_Onshore_Avg,0.52667947
DK,60,P_Wind_Onshore_Avg,0.425914559
DK,61,P_Wind_Onshore_Avg,0.294682434
DK,62,P_Wind_Onshore_Avg,0.07426211
DK,63,P_Wind_Onshore_Avg,0.067889285
DK,64,P_Wind_Onshore_Avg,0.086555725
DK,65,P_Wind_Onshore_Avg,0.123648634
DK,66,P_Wind_Onshore_Avg,0.114514322
DK,67,P_Wind_Onshore_Avg,0.047259548
DK,68,P_Wind_Onshore_Avg,0.0022032
DK,69,P_Wind_Onshore_Avg,0.010561763
DK,70,P_Wind_Onshore_Avg,0.012097666
DK,71,P_Wind_Onshore_Avg,0.018776931
DK,72,P_Wind_Onshore_Avg,0.011803072
DK,73,P_Wind_Onshore_Avg,0.076643568
DK,74,P_Wind_Onshore_Avg,0.213046128
DK,75,P_Wind_Onshore_Avg,0.207757033
DK,76,P_Wind_Onshore_Avg,0.120284057
DK,77,P_Wind_Onshore_Avg,0.031408772
DK,78,P_Wind_Onshore_Avg,0.043169571
DK,79,P_Wind_Onshore_Avg,0.068950746
DK,80,P_Wind_Onshore_Avg,0.27466554
DK,81,P_Wind_Onshore_Avg,0.230168483
DK,82,P_Wind_Onshore_Avg,0.231723447
DK,83,P_Wind_Onshore_Avg,0.037219807
DK,84,P_Wind_Onshore_Avg,0.04641
DK,85,P_Wind_Onshore_Avg,0.071270009
DK,86,P_Wind_Onshore_Avg,0.043109437
DK,87,P_Wind_Onshore_Avg,0.229466393
DK,88,P_Wind_Onshore_Avg,0.178954288
DK,89,P_Wind_Onshore_Avg,0.243010341
DK,90,P_Wind_Onshore_Avg,0.12887396
DK,91,P_Wind_Onshore_Avg,0.234998959
DK,92,P_Wind_Onshore_Avg,0.245570918
DK,93,P_Wind_Onshore_Avg,0.364008901
DK,94,P_Wind_Onshore_Avg,0.21890941
DK,95,P_Wind_Onshore_Avg,0.216940699
DK,96,P_Wind_Onshore_Avg,0.107279046
DK,97,P_Wind_Onshore_Avg,0.238538428
DK,98,P_Wind_Onshore_Avg,0.466208314
DK,99,P_Wind_Onshore_Avg,0.725051138
DK,100,P_Wind_Onshore_Avg,0.769548
DK,101,P_Wind_Onshore_Avg,0.535344868
DK,102,P_Wind_Onshore_Avg,0.416568318
DK,103,P_Wind_Onshore_Avg,0.315244124
DK,104,P_Wind_Onshore_Avg,0.414585831
DK,105,P_Wind_Onshore_Avg,0.468915314
DK,106,P_Wind_Onshore_Avg,0.429249185
DK,107,P_Wind_Onshore_Avg,0.253903267
DK,108,P_Wind_Onshore_Avg,0.105724208
DK,109,P_Wind_Onshore_Avg,0.265724091
DK,110,P_Wind_Onshore_Avg,0.383890211
DK,111,P_Wind_Onshore_Avg,0.674414661
DK,112,P_Wind_Onshore_Avg,0.383488275
DK,113,P_Wind_Onshore_Avg,0.38558626
DK,114,P_Wind_Onshore_Avg,0.14862271
DK,115,P_Wind_Onshore_Avg,0.229950539
DK,116,P_Wind_Onshore_Avg,0.266071054
DK,117,P_Wind_Onshore_Avg,0.510222658
DK,118,P_Wind_Onshore_Avg,0.489400567
DK,119,P_Wind_Onshore_Avg,0.515017673
DK,120,P_Wind_Onshore_Avg,0.318323957
FR,1,P_Wind_Offshore_Deep,0.627160941
FR,2,P_Wind_Offshore_Deep,0.464395345
FR,3,P_Wind_Offshore_Deep,0.282734755
FR,4,P_Wind_Offshore_Deep,0.255129711
FR,5,P_Wind_Offshore_Deep,0.309180485
FR,6,P_Wind_Offshore_Deep,0.529326339
FR,7,P_Wind_Offshore_Deep,0.645084273
FR,8,P_Wind_Offshore_Deep,0.804784371
FR,9,P_Wind_Offshore_Deep,0.886486271
FR,10,P_Wind_Offshore_Deep,0.93256302
FR,11,P_Wind_Offshore_Deep,1
FR,12,P_Wind_Offshore_Deep,1
FR,13,P_Wind_Offshore_Deep,0.878318109
FR,14,P_Wind_Offshore_Deep,0.584711679
FR,15,P_Wind_Offshore_Deep,0.21664911
FR,16,P_Wind_Offshore_Deep,0.121468831
FR,17,P_Wind_Offshore_Deep,0.370431038
FR,18,P_Wind_Offshore_Deep,0.699906842
FR,19,P_Wind_Offshore_Deep,0.830258124
FR,20,P_Wind_Offshore_Deep,0.596407396
FR,21,P_Wind_Offshore_Deep,0.396592679
FR,22,P_Wind_Offshore_Deep,0.219909567
FR,23,P_Wind_Offshore_Deep,0.474272632
FR,24,P_Wind_Offshore_Deep,0.587008915
FR,25,P_Wind_Offshore_Deep,0.653764682
FR,26,P_Wind_Offshore_Deep,0.516497292
FR,27,P_Wind_Offshore_Deep,0.437450508
FR,28,P_Wind_Offshore_Deep,0.394579028
FR,29,P_Wind_Offshore_Deep,0.465935194
FR,30,P_Wind_Offshore_Deep,0.579027427
FR,31,P_Wind_Offshore_Deep,0.885466016
FR,32,P_Wind_Offshore_Deep,0.663801026
FR,33,P_Wind_Offshore_Deep,0.493938527
FR,34,P_Wind_Offshore_Deep,0.266659388
FR,35,P_Wind_Offshore_Deep,0.450104923
FR,36,P_Wind_Offshore_Deep,0.464685077
FR,37,P_Wind_Offshore_Deep,0.377179821
FR,38,P_Wind_Offshore_Deep,0.277687212
FR,39,P_Wind_Offshore_Deep,0.184725361
FR,40,P_Wind_Offshore_Deep,0.181491963
FR,41,P_Wind_Offshore_Deep,0.048365181
FR,42,P_Wind_Offshore_Deep,0.200120903
FR,43,P_Wind_Offshore_Deep,0.503231087
FR,44,P_Wind_Offshore_Deep,0.820395832
FR,45,P_Wind_Offshore_Deep,0.706277858
FR,46,P_Wind_Offshore_Deep,0.50864127
FR,47,P_Wind_Offshore_Deep,0.392914469
FR,48,P_Wind_Offshore_Deep,0.318649867
FR,49,P_Wind_Offshore_Deep,0.296418004
FR,50,P_Wind_Offshore_Deep,0.181612217
FR,51,P_Wind_Offshore_Deep,0.257261681
FR,52,P_Wind_Offshore_Deep,0.456707872
FR,53,P_Wind_Offshore_Deep,0.54800752
FR,54,P_Wind_Offshore_Deep,0.527480397
FR,55,P_Wind_Offshore_Deep,0.396637101
FR,56,P_Wind_Offshore_Deep,0.2228184
FR,57,P_Wind_Offshore_Deep,0.558005906
FR,58,P_Wind_Offshore_Deep,0.42923557
FR,59,P_Wind_Offshore_Deep,0.522543009
FR,60,P_Wind_Offshore_Deep,0.216090479
FR,61,P_Wind_Offshore_Deep,0.142925844
FR,62,P_Wind_Offshore_Deep,0.278713947
FR,63,P_Wind_Offshore_Deep,0.348184499
FR,64,P_Wind_Offshore_Deep,0.363512936
FR,65,P_Wind_Offshore_Deep,0.147774456
FR,66,P_Wind_Offshore_Deep,0.148200293
FR,67,P_Wind_Offshore_Deep,0.157425792
FR,68,P_Wind_Offshore_Deep,0.142950812
FR,69,P_Wind_Offshore_Deep,0.239419898
FR,70,P_Wind_Offshore_Deep,0.249662153
FR,71,P_Wind_Offshore_Deep,0.383453663
FR,72,P_Wind_Offshore_Deep,0.146506695
FR,73,P_Wind_Offshore_Deep,0.22903588
FR,74,P_Wind_Offshore_Deep,0.108949683
FR,75,P_Wind_Offshore_Deep,0.244377443
FR,76,P_Wind_Offshore_Deep,0.180744138
FR,77,P_Wind_Offshore_Deep,0.184349774
FR,78,P_Wind_Offshore_Deep,0.099297005
FR,79,P_Wind_Offshore_Deep,0.05650415
FR,80,P_Wind_Offshore_Deep,0.075328117
FR,82,P_Wind_Offshore_Deep,0.07606905
FR,83,P_Wind_Offshore_Deep,0.206281043
FR,84,P_Wind_Offshore_Deep,0.409664768
FR,85,P_Wind_Offshore_Deep,0.683146055
FR,86,P_Wind_Offshore_Deep,0.827844953
FR,87,P_Wind_Offshore_Deep,0.646589229
FR,88,P_Wind_Offshore_Deep,0.291911044
FR,89,P_Wind_Offshore_Deep,0.066597233
FR,90,P_Wind_Offshore_Deep,0.211783298
FR,91,P_Wind_Offshore_Deep,0.282527018
FR,92,P_Wind_Offshore_Deep,0.177011202
FR,93,P_Wind_Offshore_Deep,0.329076595
FR,94,P_Wind_Offshore_Deep,0.3990135
FR,95,P_Wind_Offshore_Deep,0.698404125
FR,96,P_Wind_Offshore_Deep,0.724600904
FR,97,P_Wind_Offshore_Deep,0.904736422
FR,98,P_Wind_Offshore_Deep,0.90915752
FR,99,P_Wind_Offshore_Deep,0.902289358
FR,100,P_Wind_Offshore_Deep,0.787374186
FR,101,P_Wind_Offshore_Deep,0.771604517
FR,102,P_Wind_Offshore_Deep,0.531083945
FR,103,P_Wind_Offshore_Deep,0.606322584
FR,104,P_Wind_Offshore_Deep,0.357228475
FR,105,P_Wind_Offshore_Deep,0.345585866
FR,106,P_Wind_Offshore_Deep,0.424665639
FR,107,P_Wind_Offshore_Deep,0.76886616
FR,108,P_Wind_Offshore_Deep,0.984121667
FR,109,P_Wind_Offshore_Deep,0.654393374
FR,110,P_Wind_Offshore_Deep,0.437648134
FR,111,P_Wind_Offshore_Deep,0.249166894
FR,112,P_Wind_Offshore_Deep,0.355354522
FR,113,P_Wind_Offshore_Deep,0.2293257
FR,114,P_Wind_Offshore_Deep,0.403262126
FR,115,P_Wind_Offshore_Deep,0.415582289
FR,116,P_Wind_Offshore_Deep,0.642431762
FR,117,P_Wind_Offshore_Deep,0.678051005
FR,118,P_Wind_Offshore_Deep,0.766851764
FR,119,P_Wind_Offshore_Deep,0.658358365
FR,120,P_Wind_Offshore_Deep,0.540314841
FR,1,P_Wind_Onshore_Avg,0.263955689
FR,2,P_Wind_Onshore_Avg,0.174358244
FR,3,P_Wind_Onshore_Avg,0.059756212
FR,4,P_Wind_Onshore_Avg,0.035318519
FR,5,P_Wind_Onshore_Avg,0.053766394
FR,6,P_Wind_Onshore_Avg,0.112957346
FR,7,P_Wind_Onshore_Avg,0.168479398
FR,8,P_Wind_Onshore_Avg,0.174401878
FR,9,P_Wind_Onshore_Avg,0.266656291
FR,10,P_Wind_Onshore_Avg,0.465919322
FR,11,P_Wind_Onshore_Avg,0.652320304
FR,12,P_Wind_Onshore_Avg,0.697128
FR,13,P_Wind_Onshore_Avg,0.433724711
FR,14,P_Wind_Onshore_Avg,0.248150766
FR,15,P_Wind_Onshore_Avg,0.035305
FR,16,P_Wind_Onshore_Avg,0.033755758
FR,17,P_Wind_Onshore_Avg,0.144684882
FR,18,P_Wind_Onshore_Avg,0.248143854
FR,19,P_Wind_Onshore_Avg,0.254852404
FR,20,P_Wind_Onshore_Avg,0.111549531
FR,21,P_Wind_Onshore_Avg,0.127193717
FR,22,P_Wind_Onshore_Avg,0.138594416
FR,23,P_Wind_Onshore_Avg,0.322097046
FR,24,P_Wind_Onshore_Avg,0.260785235
FR,25,P_Wind_Onshore_Avg,0.286182264
FR,26,P_Wind_Onshore_Avg,0.124877158
FR,27,P_Wind_Onshore_Avg,0.136635072
FR,28,P_Wind_Onshore_Avg,0.085931563
FR,29,P_Wind_Onshore_Avg,0.121755562
FR,30,P_Wind_Onshore_Avg,0.134100986
FR,31,P_Wind_Onshore_Avg,0.200221312
FR,32,P_Wind_Onshore_Avg,0.172410163
FR,33,P_Wind_Onshore_Avg,0.215093275
FR,34,P_Wind_Onshore_Avg,0.240709429
FR,35,P_Wind_Onshore_Avg,0.31515703
FR,36,P_Wind_Onshore_Avg,0.290294355
FR,37,P_Wind_Onshore_Avg,0.178168412
FR,38,P_Wind_Onshore_Avg,0.138707032
FR,39,P_Wind_Onshore_Avg,0.105815217
FR,40,P_Wind_Onshore_Avg,0.139662888
FR,41,P_Wind_Onshore_Avg,0.080887884
FR,42,P_Wind_Onshore_Avg,0.086693243
FR,43,P_Wind_Onshore_Avg,0.204300836
FR,44,P_Wind_Onshore_Avg,0.337242321
FR,45,P_Wind_Onshore_Avg,0.300058144
FR,46,P_Wind_Onshore_Avg,0.190632692
FR,47,P_Wind_Onshore_Avg,0.096568157
FR,48,P_Wind_Onshore_Avg,0.061705906
FR,49,P_Wind_Onshore_Avg,0.050422593
FR,50,P_Wind_Onshore_Avg,0.086979256
FR,51,P_Wind_Onshore_Avg,0.100195144
FR,52,P_Wind_Onshore_Avg,0.159121615
FR,53,P_Wind_Onshore_Avg,0.130204917
FR,54,P_Wind_Onshore_Avg,0.124115948
FR,55,P_Wind_Onshore_Avg,0.100687579
FR,56,P_Wind_Onshore_Avg,0.087088785
FR,57,P_Wind_Onshore_Avg,0.304861088
FR,58,P_Wind_Onshore_Avg,0.255875707
FR,59,P_Wind_Onshore_Avg,0.295806093
FR,60,P_Wind_Onshore_Avg,0.135755299
FR,61,P_Wind_Onshore_Avg,0.130607678
FR,62,P_Wind_Onshore_Avg,0.170691165
FR,63,P_Wind_Onshore_Avg,0.187378795
FR,64,P_Wind_Onshore_Avg,0.18578129
FR,65,P_Wind_Onshore_Avg,0.123927809
FR,66,P_Wind_Onshore_Avg,0.077049767
FR,67,P_Wind_Onshore_Avg,0.056460857
FR,68,P_Wind_Onshore_Avg,0.042714699
FR,69,P_Wind_Onshore_Avg,0.072627521
FR,70,P_Wind_Onshore_Avg,0.122052215
FR,71,P_Wind_Onshore_Avg,0.127068657
FR,72,P_Wind_Onshore_Avg,0.0654813
FR,73,P_Wind_Onshore_Avg,0.022788615
FR,74,P_Wind_Onshore_Avg,0.0079704
FR,75,P_Wind_Onshore_Avg,0.023382316
FR,76,P_Wind_Onshore_Avg,0.025987576
FR,77,P_Wind_Onshore_Avg,0.021937173
FR,78,P_Wind_Onshore_Avg,0.030515888
FR,79,P_Wind_Onshore_Avg,0.019619922
FR,80,P_Wind_Onshore_Avg,0.049825113
FR,81,P_Wind_Onshore_Avg,0.012493356
FR,82,P_Wind_Onshore_Avg,0.017854622
FR,83,P_Wind_Onshore_Avg,0.04347895
FR,84,P_Wind_Onshore_Avg,0.085216481
FR,85,P_Wind_Onshore_Avg,0.21344935
FR,86,P_Wind_Onshore_Avg,0.245572524
FR,87,P_Wind_Onshore_Avg,0.23446589
FR,88,P_Wind_Onshore_Avg,0.102045706
FR,89,P_Wind_Onshore_Avg,0.043745445
FR,90,P_Wind_Onshore_Avg,0.057513056
FR,91,P_Wind_Onshore_Avg,0.081134929
FR,92,P_Wind_Onshore_Avg,0.041418416
FR,93,P_Wind_Onshore_Avg,0.071128221
FR,94,P_Wind_Onshore_Avg,0.112795226
FR,95,P_Wind_Onshore_Avg,0.22480644
FR,96,P_Wind_Onshore_Avg,0.265486716
FR,97,P_Wind_Onshore_Avg,0.452365515
FR,98,P_Wind_Onshore_Avg,0.485464857
FR,99,P_Wind_Onshore_Avg,0.475165319
FR,100,P_Wind_Onshore_Avg,0.292310694
FR,101,P_Wind_Onshore_Avg,0.398412447
FR,102,P_Wind_Onshore_Avg,0.429768761
FR,103,P_Wind_Onshore_Avg,0.577342388
FR,104,P_Wind_Onshore_Avg,0.353825207
FR,105,P_Wind_Onshore_Avg,0.246037627
FR,106,P_Wind_Onshore_Avg,0.191645017
FR,107,P_Wind_Onshore_Avg,0.327754651
FR,108,P_Wind_Onshore_Avg,0.444242178
FR,109,P_Wind_Onshore_Avg,0.287320974
FR,110,P_Wind_Onshore_Avg,0.197425182
FR,111,P_Wind_Onshore_Avg,0.091174825
FR,112,P_Wind_Onshore_Avg,0.110540109
FR,113,P_Wind_Onshore_Avg,0.086167155
FR,114,P_Wind_Onshore_Avg,0.130631835
FR,115,P_Wind_Onshore_Avg,0.247316446
FR,116,P_Wind_Onshore_Avg,0.285755281
FR,117,P_Wind_Onshore_Avg,0.362183423
FR,118,P_Wind_Onshore_Avg,0.288317957
FR,119,P_Wind_Onshore_Avg,0.298684532
FR,120,P_Wind_Onshore_Avg,0.233113797
NO,1,P_Wind_Offshore_Deep,0.103413657
NO,2,P_Wind_Offshore_Deep,0.423874388
NO,3,P_Wind_Offshore_Deep,0.579541461
NO,4,P_Wind_Offshore_Deep,0.82641626
NO,5,P_Wind_Offshore_Deep,0.732227559
NO,6,P_Wind_Offshore_Deep,0.748653507
NO,7,P_Wind_Offshore_Deep,0.711581519
NO,8,P_Wind_Offshore_Deep,0.502304993
NO,9,P_Wind_Offshore_Deep,0.594559552
NO,10,P_Wind_Offshore_Deep,0.348856036
NO,11,P_Wind_Offshore_Deep,0.488360358
NO,12,P_Wind_Offshore_Deep,0.382911606
NO,13,P_Wind_Offshore_Deep,0.46314728
NO,14,P_Wind_Offshore_Deep,0.371571903
NO,15,P_Wind_Offshore_Deep,0.537108814
NO,16,P_Wind_Offshore_Deep,0.436330406
NO,17,P_Wind_Offshore_Deep,0.337871559
NO,18,P_Wind_Offshore_Deep,0.079788556
NO,19,P_Wind_Offshore_Deep,0.139013342
NO,20,P_Wind_Offshore_Deep,0.142250865
NO,21,P_Wind_Offshore_Deep,0.065705135
NO,22,P_Wind_Offshore_Deep,0.07441507
NO,23,P_Wind_Offshore_Deep,0.396191641
NO,24,P_Wind_Offshore_Deep,0.444109142
NO,25,P_Wind_Offshore_Deep,0.618407601
NO,26,P_Wind_Offshore_Deep,0.606487634
NO,27,P_Wind_Offshore_Deep,0.884191571
NO,28,P_Wind_Offshore_Deep,0.677891374
NO,29,P_Wind_Offshore_Deep,0.353168064
NO,30,P_Wind_Offshore_Deep,0.00206
NO,31,P_Wind_Offshore_Deep,0.071930408
NO,32,P_Wind_Offshore_Deep,0.349248115
NO,33,P_Wind_Offshore_Deep,0.464311988
NO,34,P_Wind_Offshore_Deep,0.364135951
NO,35,P_Wind_Offshore_Deep,0.447996735
NO,36,P_Wind_Offshore_Deep,0.644527019
NO,37,P_Wind_Offshore_Deep,0.973640267
NO,38,P_Wind_Offshore_Deep,0.738723046
NO,39,P_Wind_Offshore_Deep,0.488747894
NO,40,P_Wind_Offshore_Deep,0.510046198
NO,41,P_Wind_Offshore_Deep,0.770026809
NO,42,P_Wind_Offshore_Deep,1
NO,43,P_Wind_Offshore_Deep,0.75208991
NO,44,P_Wind_Offshore_Deep,0.451883159
NO,45,P_Wind_Offshore_Deep,0.113827309
NO,46,P_Wind_Offshore_Deep,0.393068335
NO,47,P_Wind_Offshore_Deep,0.536722543
NO,48,P_Wind_Offshore_Deep,0.714641485
NO,49,P_Wind_Offshore_Deep,0.428936155
NO,50,P_Wind_Offshore_Deep,0.293804895
NO,51,P_Wind_Offshore_Deep,0.352384195
NO,52,P_Wind_Offshore_Deep,0.438664528
NO,53,P_Wind_Offshore_Deep,0.525903027
NO,54,P_Wind_Offshore_Deep,0.6360807
NO,55,P_Wind_Offshore_Deep,0.601871284
NO,56,P_Wind_Offshore_Deep,0.644527019
NO,57,P_Wind_Offshore_Deep,0.420758415
NO,58,P_Wind_Offshore_Deep,0.378611729
NO,59,P_Wind_Offshore_Deep,0.423095469
NO,60,P_Wind_Offshore_Deep,0.315078014
NO,61,P_Wind_Offshore_Deep,0.347287569
NO,62,P_Wind_Offshore_Deep,0.260208938
NO,63,P_Wind_Offshore_Deep,0.276431747
NO,64,P_Wind_Offshore_Deep,0.446441839
NO,65,P_Wind_Offshore_Deep,0.353951872
NO,66,P_Wind_Offshore_Deep,0.289070394
NO,67,P_Wind_Offshore_Deep,0.278407837
NO,68,P_Wind_Offshore_Deep,0.330410767
NO,69,P_Wind_Offshore_Deep,0.582237998
NO,70,P_Wind_Offshore_Deep,0.483321425
NO,71,P_Wind_Offshore_Deep,0.674825801
NO,72,P_Wind_Offshore_Deep,0.588784935
NO,73,P_Wind_Offshore_Deep,0.547920517
NO,74,P_Wind_Offshore_Deep,0.230440006
NO,75,P_Wind_Offshore_Deep,0.411015812
NO,76,P_Wind_Offshore_Deep,0.361786666
NO,77,P_Wind_Offshore_Deep,0.631087871
NO,78,P_Wind_Offshore_Deep,0.383302421
NO,79,P_Wind_Offshore_Deep,0.617638813
NO,80,P_Wind_Offshore_Deep,0.713111559
NO,81,P_Wind_Offshore_Deep,0.766974749
NO,82,P_Wind_Offshore_Deep,0.591095016
NO,83,P_Wind_Offshore_Deep,0.548306512
NO,84,P_Wind_Offshore_Deep,0.760487726
NO,85,P_Wind_Offshore_Deep,0.986124694
NO,86,P_Wind_Offshore_Deep,0.972126629
NO,87,P_Wind_Offshore_Deep,0.924404591
NO,88,P_Wind_Offshore_Deep,0.92250913
NO,89,P_Wind_Offshore_Deep,0.981963829
NO,90,P_Wind_Offshore_Deep,0.72076006
NO,91,P_Wind_Offshore_Deep,0.718465806
NO,92,P_Wind_Offshore_Deep,0.702016181
NO,93,P_Wind_Offshore_Deep,0.884950884
NO,94,P_Wind_Offshore_Deep,0.887608302
NO,95,P_Wind_Offshore_Deep,0.886089811
NO,96,P_Wind_Offshore_Deep,0.945624645
NO,97,P_Wind_Offshore_Deep,0.880394669
NO,98,P_Wind_Offshore_Deep,0.620329428
NO,99,P_Wind_Offshore_Deep,0.550236345
NO,100,P_Wind_Offshore_Deep,0.583778682
NO,101,P_Wind_Offshore_Deep,0.840872817
NO,102,P_Wind_Offshore_Deep,0.841253136
NO,103,P_Wind_Offshore_Deep,0.842774353
NO,104,P_Wind_Offshore_Deep,0.792522944
NO,105,P_Wind_Offshore_Deep,0.819565374
NO,106,P_Wind_Offshore_Deep,0.491847795
NO,107,P_Wind_Offshore_Deep,0.314684531
NO,108,P_Wind_Offshore_Deep,0.066536343
NO,109,P_Wind_Offshore_Deep,0.435163184
NO,110,P_Wind_Offshore_Deep,0.681339569
NO,111,P_Wind_Offshore_Deep,0.946382198
NO,112,P_Wind_Offshore_Deep,0.748653507
NO,113,P_Wind_Offshore_Deep,0.542515598
NO,114,P_Wind_Offshore_Deep,0.508885278
NO,115,P_Wind_Offshore_Deep,0.642607739
NO,116,P_Wind_Offshore_Deep,0.675209024
NO,117,P_Wind_Offshore_Deep,0.474401917
NO,118,P_Wind_Offshore_Deep,0.507337242
NO,119,P_Wind_Offshore_Deep,0.494947019
NO,120,P_Wind_Offshore_Deep,0.710625186
NO,1,P_Wind_Onshore_Avg,0.350424935
NO,2,P_Wind_Onshore_Avg,0.307548335
NO,3,P_Wind_Onshore_Avg,0.192466356
NO,4,P_Wind_Onshore_Avg,0.092461975
NO,5,P_Wind_Onshore_Avg,0.070780238
NO,6,P_Wind_Onshore_Avg,0.099252277
NO,7,P_Wind_Onshore_Avg,0.132518915
NO,8,P_Wind_Onshore_Avg,0.209293092
NO,9,P_Wind_Onshore_Avg,0.405922032
NO,10,P_Wind_Onshore_Avg,0.360013693
NO,11,P_Wind_Onshore_Avg,0.31680076
NO,12,P_Wind_Onshore_Avg,0.112061002
NO,13,P_Wind_Onshore_Avg,0.134425205
NO,14,P_Wind_Onshore_Avg,0.058665285
NO,15,P_Wind_Onshore_Avg,0.106405267
NO,16,P_Wind_Onshore_Avg,0.110632054
NO,17,P_Wind_Onshore_Avg,0.132456567
NO,18,P_Wind_Onshore_Avg,0.121796651
NO,19,P_Wind_Onshore_Avg,0.259345105
NO,20,P_Wind_Onshore_Avg,0.416759761
NO,21,P_Wind_Onshore_Avg,0.540599055
NO,22,P_Wind_Onshore_Avg,0.352738824
NO,23,P_Wind_Onshore_Avg,0.235901329
NO,24,P_Wind_Onshore_Avg,0.159556972
NO,25,P_Wind_Onshore_Avg,0.266676341
NO,26,P_Wind_Onshore_Avg,0.266035248
NO,27,P_Wind_Onshore_Avg,0.205481823
NO,28,P_Wind_Onshore_Avg,0.096059808
NO,29,P_Wind_Onshore_Avg,0.071172794
NO,30,P_Wind_Onshore_Avg,0.065311937
NO,31,P_Wind_Onshore_Avg,0.045844185
NO,32,P_Wind_Onshore_Avg,0.019178821
NO,33,P_Wind_Onshore_Avg,0.031311956
NO,34,P_Wind_Onshore_Avg,0.240931906
NO,35,P_Wind_Onshore_Avg,0.430480458
NO,36,P_Wind_Onshore_Avg,0.562985284
NO,37,P_Wind_Onshore_Avg,0.564288216
NO,38,P_Wind_Onshore_Avg,0.39273693
NO,39,P_Wind_Onshore_Avg,0.278920489
NO,40,P_Wind_Onshore_Avg,0.159134332
NO,41,P_Wind_Onshore_Avg,0.278817772
NO,42,P_Wind_Onshore_Avg,0.318803955
NO,43,P_Wind_Onshore_Avg,0.198835689
NO,44,P_Wind_Onshore_Avg,0.167376726
NO,45,P_Wind_Onshore_Avg,0.140984275
NO,46,P_Wind_Onshore_Avg,0.14826043
NO,47,P_Wind_Onshore_Avg,0.08891443
NO,48,P_Wind_Onshore_Avg,0.06575938
NO,49,P_Wind_Onshore_Avg,0.050865333
NO,50,P_Wind_Onshore_Avg,0.094722321
NO,51,P_Wind_Onshore_Avg,0.074748131
NO,52,P_Wind_Onshore_Avg,0.105113409
NO,53,P_Wind_Onshore_Avg,0.043029401
NO,54,P_Wind_Onshore_Avg,0.129678829
NO,55,P_Wind_Onshore_Avg,0.10240728
NO,56,P_Wind_Onshore_Avg,0.104896686
NO,57,P_Wind_Onshore_Avg,0.02165376
NO,58,P_Wind_Onshore_Avg,0.083421063
NO,59,P_Wind_Onshore_Avg,0.141439434
NO,60,P_Wind_Onshore_Avg,0.163860549
NO,61,P_Wind_Onshore_Avg,0.138460227
NO,62,P_Wind_Onshore_Avg,0.177714326
NO,63,P_Wind_Onshore_Avg,0.195474705
NO,64,P_Wind_Onshore_Avg,0.256265302
NO,65,P_Wind_Onshore_Avg,0.20494744
NO,66,P_Wind_Onshore_Avg,0.241894612
NO,67,P_Wind_Onshore_Avg,0.109003198
NO,68,P_Wind_Onshore_Avg,0.040529049
NO,69,P_Wind_Onshore_Avg,0.016224
NO,70,P_Wind_Onshore_Avg,0.044033225
NO,71,P_Wind_Onshore_Avg,0.101578717
NO,72,P_Wind_Onshore_Avg,0.084443217
NO,73,P_Wind_Onshore_Avg,0.037946726
NO,74,P_Wind_Onshore_Avg,0.016315542
NO,75,P_Wind_Onshore_Avg,0.068054192
NO,76,P_Wind_Onshore_Avg,0.190996575
NO,77,P_Wind_Onshore_Avg,0.240078048
NO,78,P_Wind_Onshore_Avg,0.261509006
NO,79,P_Wind_Onshore_Avg,0.18371598
NO,80,P_Wind_Onshore_Avg,0.208580712
NO,81,P_Wind_Onshore_Avg,0.132769592
NO,82,P_Wind_Onshore_Avg,0.110157085
NO,83,P_Wind_Onshore_Avg,0.039756143
NO,84,P_Wind_Onshore_Avg,0.017962897
NO,85,P_Wind_Onshore_Avg,0.080913763
NO,86,P_Wind_Onshore_Avg,0.096465015
NO,87,P_Wind_Onshore_Avg,0.181143574
NO,88,P_Wind_Onshore_Avg,0.075574458
NO,89,P_Wind_Onshore_Avg,0.11338787
NO,90,P_Wind_Onshore_Avg,0.114051702
NO,91,P_Wind_Onshore_Avg,0.190338607
NO,92,P_Wind_Onshore_Avg,0.1764654
NO,93,P_Wind_Onshore_Avg,0.199576274
NO,94,P_Wind_Onshore_Avg,0.135599478
NO,95,P_Wind_Onshore_Avg,0.103148072
NO,96,P_Wind_Onshore_Avg,0.119884757
NO,97,P_Wind_Onshore_Avg,0.245033866
NO,98,P_Wind_Onshore_Avg,0.354759306
NO,99,P_Wind_Onshore_Avg,0.251299382
NO,100,P_Wind_Onshore_Avg,0.20981941
NO,101,P_Wind_Onshore_Avg,0.132371705
NO,102,P_Wind_Onshore_Avg,0.186633595
NO,103,P_Wind_Onshore_Avg,0.205168972
NO,104,P_Wind_Onshore_Avg,0.296449674
NO,105,P_Wind_Onshore_Avg,0.520752698
NO,106,P_Wind_Onshore_Avg,0.466221084
NO,107,P_Wind_Onshore_Avg,0.470564649
NO,108,P_Wind_Onshore_Avg,0.311804617
NO,109,P_Wind_Onshore_Avg,0.308526552
NO,110,P_Wind_Onshore_Avg,0.314376604
NO,111,P_Wind_Onshore_Avg,0.412932196
NO,112,P_Wind_Onshore_Avg,0.498631172
NO,113,P_Wind_Onshore_Avg,0.638163841
NO,114,P_Wind_Onshore_Avg,0.546629017
NO,115,P_Wind_Onshore_Avg,0.667332
NO,116,P_Wind_Onshore_Avg,0.64058356
NO,117,P_Wind_Onshore_Avg,0.644877628
NO,118,P_Wind_Onshore_Avg,0.633153607
NO,119,P_Wind_Onshore_Avg,0.541053565
NO,120,P_Wind_Onshore_Avg,0.568596811
UK,1,P_Wind_Offshore_Deep,0.844180562
UK,2,P_Wind_Offshore_Deep,0.704138204
UK,3,P_Wind_Offshore_Deep,0.415635599
UK,4,P_Wind_Offshore_Deep,0.193581282
UK,5,P_Wind_Offshore_Deep,0.074316834
UK,6,P_Wind_Offshore_Deep,0.386105183
UK,7,P_Wind_Offshore_Deep,0.60221229
UK,8,P_Wind_Offshore_Deep,0.911913463
UK,9,P_Wind_Offshore_Deep,0.954494201
UK,10,P_Wind_Offshore_Deep,1
UK,11,P_Wind_Offshore_Deep,0.99523166
UK,12,P_Wind_Offshore_Deep,0.971749652
UK,13,P_Wind_Offshore_Deep,0.642959069
UK,14,P_Wind_Offshore_Deep,0.414740113
UK,15,P_Wind_Offshore_Deep,0.067958628
UK,16,P_Wind_Offshore_Deep,0.095385766
UK,17,P_Wind_Offshore_Deep,0.204474346
UK,18,P_Wind_Offshore_Deep,0.438000451
UK,19,P_Wind_Offshore_Deep,0.453561292
UK,20,P_Wind_Offshore_Deep,0.254580112
UK,21,P_Wind_Offshore_Deep,0.042231442
UK,22,P_Wind_Offshore_Deep,0.233013967
UK,23,P_Wind_Offshore_Deep,0.493572684
UK,24,P_Wind_Offshore_Deep,0.778892996
UK,25,P_Wind_Offshore_Deep,0.726753588
UK,26,P_Wind_Offshore_Deep,0.593986094
UK,27,P_Wind_Offshore_Deep,0.644561998
UK,28,P_Wind_Offshore_Deep,0.710522094
UK,29,P_Wind_Offshore_Deep,0.728654897
UK,30,P_Wind_Offshore_Deep,0.493784693
UK,31,P_Wind_Offshore_Deep,0.448896408
UK,32,P_Wind_Offshore_Deep,0.52848174
UK,33,P_Wind_Offshore_Deep,0.450881333
UK,34,P_Wind_Offshore_Deep,0.602452559
UK,35,P_Wind_Offshore_Deep,0.755949274
UK,36,P_Wind_Offshore_Deep,0.888266007
UK,37,P_Wind_Offshore_Deep,0.657729527
UK,38,P_Wind_Offshore_Deep,0.380307048
UK,39,P_Wind_Offshore_Deep,0.430994353
UK,40,P_Wind_Offshore_Deep,0.424683373
UK,41,P_Wind_Offshore_Deep,0.439605163
UK,42,P_Wind_Offshore_Deep,0.44193694
UK,43,P_Wind_Offshore_Deep,0.536845136
UK,44,P_Wind_Offshore_Deep,0.743476102
UK,45,P_Wind_Offshore_Deep,0.612239597
UK,46,P_Wind_Offshore_Deep,0.68010706
UK,47,P_Wind_Offshore_Deep,0.671281917
UK,48,P_Wind_Offshore_Deep,0.734796569
UK,49,P_Wind_Offshore_Deep,0.577184886
UK,50,P_Wind_Offshore_Deep,0.322478979
UK,51,P_Wind_Offshore_Deep,0.201113517
UK,52,P_Wind_Offshore_Deep,0.171042065
UK,53,P_Wind_Offshore_Deep,0.291470308
UK,54,P_Wind_Offshore_Deep,0.448875864
UK,55,P_Wind_Offshore_Deep,0.40022587
UK,56,P_Wind_Offshore_Deep,0.292773416
UK,57,P_Wind_Offshore_Deep,0.345661716
UK,58,P_Wind_Offshore_Deep,0.398357445
UK,59,P_Wind_Offshore_Deep,0.373682713
UK,60,P_Wind_Offshore_Deep,0.432748782
UK,61,P_Wind_Offshore_Deep,0.35767266
UK,62,P_Wind_Offshore_Deep,0.350821657
UK,63,P_Wind_Offshore_Deep,0.04004831
UK,64,P_Wind_Offshore_Deep,0.037382577
UK,65,P_Wind_Offshore_Deep,0.007536296
UK,66,P_Wind_Offshore_Deep,0.050932049
UK,67,P_Wind_Offshore_Deep,0.049320709
UK,68,P_Wind_Offshore_Deep,0.038262655
UK,69,P_Wind_Offshore_Deep,0.165262518
UK,70,P_Wind_Offshore_Deep,0.357247203
UK,71,P_Wind_Offshore_Deep,0.527382339
UK,72,P_Wind_Offshore_Deep,0.334531666
UK,73,P_Wind_Offshore_Deep,0.305733937
UK,74,P_Wind_Offshore_Deep,0.164378618
UK,75,P_Wind_Offshore_Deep,0.474334843
UK,76,P_Wind_Offshore_Deep,0.339531141
UK,77,P_Wind_Offshore_Deep,0.430001721
UK,78,P_Wind_Offshore_Deep,0.181315634
UK,79,P_Wind_Offshore_Deep,0.243217751
UK,80,P_Wind_Offshore_Deep,0.44246874
UK,81,P_Wind_Offshore_Deep,0.538044963
UK,82,P_Wind_Offshore_Deep,0.666121476
UK,83,P_Wind_Offshore_Deep,0.68527805
UK,84,P_Wind_Offshore_Deep,0.608678556
UK,85,P_Wind_Offshore_Deep,0.726803163
UK,86,P_Wind_Offshore_Deep,0.543529105
UK,87,P_Wind_Offshore_Deep,0.517758906
UK,88,P_Wind_Offshore_Deep,0.288055535
UK,89,P_Wind_Offshore_Deep,0.427350632
UK,90,P_Wind_Offshore_Deep,0.728112185
UK,91,P_Wind_Offshore_Deep,0.715365759
UK,92,P_Wind_Offshore_Deep,0.633324651
UK,93,P_Wind_Offshore_Deep,0.615448358
UK,94,P_Wind_Offshore_Deep,0.735067154
UK,95,P_Wind_Offshore_Deep,0.762236215
UK,96,P_Wind_Offshore_Deep,0.675149256
UK,97,P_Wind_Offshore_Deep,0.788993595
UK,98,P_Wind_Offshore_Deep,0.851162551
UK,99,P_Wind_Offshore_Deep,0.977847399
UK,100,P_Wind_Offshore_Deep,0.895695491
UK,101,P_Wind_Offshore_Deep,0.893096978
UK,102,P_Wind_Offshore_Deep,0.829616032
UK,103,P_Wind_Offshore_Deep,0.748684201
UK,104,P_Wind_Offshore_Deep,0.736704461
UK,105,P_Wind_Offshore_Deep,0.653997777
UK,106,P_Wind_Offshore_Deep,0.671748744
UK,107,P_Wind_Offshore_Deep,0.566774085
UK,108,P_Wind_Offshore_Deep,0.492791862
UK,109,P_Wind_Offshore_Deep,0.333906648
UK,110,P_Wind_Offshore_Deep,0.194718959
UK,111,P_Wind_Offshore_Deep,0.340961554
UK,112,P_Wind_Offshore_Deep,0.596411973
UK,113,P_Wind_Offshore_Deep,0.819883388
UK,114,P_Wind_Offshore_Deep,0.840300341
UK,115,P_Wind_Offshore_Deep,0.734255899
UK,116,P_Wind_Offshore_Deep,0.83087308
UK,117,P_Wind_Offshore_Deep,0.882841506
UK,118,P_Wind_Offshore_Deep,0.796400018
UK,119,P_Wind_Offshore_Deep,0.728555178
UK,120,P_Wind_Offshore_Deep,0.565807934
UK,1,P_Wind_Onshore_Avg,0.444851628
UK,2,P_Wind_Onshore_Avg,0.359867116
UK,3,P_Wind_Onshore_Avg,0.166420534
UK,4,P_Wind_Onshore_Avg,0.089935759
UK,5,P_Wind_Onshore_Avg,0.045853721
UK,6,P_Wind_Onshore_Avg,0.16561018
UK,7,P_Wind_Onshore_Avg,0.198952683
UK,8,P_Wind_Onshore_Avg,0.348470397
UK,9,P_Wind_Onshore_Avg,0.548131787
UK,10,P_Wind_Onshore_Avg,0.7558136
UK,11,P_Wind_Onshore_Avg,0.747770937
UK,12,P_Wind_Onshore_Avg,0.618266082
UK,13,P_Wind_Onshore_Avg,0.357700446
UK,14,P_Wind_Onshore_Avg,0.24726821
UK,15,P_Wind_Onshore_Avg,0.068173646
UK,16,P_Wind_Onshore_Avg,0.052878669
UK,17,P_Wind_Onshore_Avg,0.074425598
UK,18,P_Wind_Onshore_Avg,0.141166846
UK,19,P_Wind_Onshore_Avg,0.162900578
UK,20,P_Wind_Onshore_Avg,0.06805279
UK,21,P_Wind_Onshore_Avg,0.027883815
UK,22,P_Wind_Onshore_Avg,0.086589149
UK,23,P_Wind_Onshore_Avg,0.242020806
UK,24,P_Wind_Onshore_Avg,0.382555445
UK,25,P_Wind_Onshore_Avg,0.362803843
UK,26,P_Wind_Onshore_Avg,0.288322284
UK,27,P_Wind_Onshore_Avg,0.372868591
UK,28,P_Wind_Onshore_Avg,0.387608606
UK,29,P_Wind_Onshore_Avg,0.348681891
UK,30,P_Wind_Onshore_Avg,0.164678345
UK,31,P_Wind_Onshore_Avg,0.161371422
UK,32,P_Wind_Onshore_Avg,0.238412968
UK,33,P_Wind_Onshore_Avg,0.215986576
UK,34,P_Wind_Onshore_Avg,0.410176749
UK,35,P_Wind_Onshore_Avg,0.595246255
UK,36,P_Wind_Onshore_Avg,0.657898713
UK,37,P_Wind_Onshore_Avg,0.416373468
UK,38,P_Wind_Onshore_Avg,0.206156711
UK,39,P_Wind_Onshore_Avg,0.214118632
UK,40,P_Wind_Onshore_Avg,0.248639131
UK,41,P_Wind_Onshore_Avg,0.24589586
UK,42,P_Wind_Onshore_Avg,0.293040381
UK,43,P_Wind_Onshore_Avg,0.334423058
UK,44,P_Wind_Onshore_Avg,0.42006233
UK,45,P_Wind_Onshore_Avg,0.329855144
UK,46,P_Wind_Onshore_Avg,0.282560294
UK,47,P_Wind_Onshore_Avg,0.30856212
UK,48,P_Wind_Onshore_Avg,0.381928466
UK,49,P_Wind_Onshore_Avg,0.372050313
UK,50,P_Wind_Onshore_Avg,0.20659442
UK,51,P_Wind_Onshore_Avg,0.076808031
UK,52,P_Wind_Onshore_Avg,0.033224181
UK,53,P_Wind_Onshore_Avg,0.097562921
UK,54,P_Wind_Onshore_Avg,0.215123264
UK,55,P_Wind_Onshore_Avg,0.217023931
UK,56,P_Wind_Onshore_Avg,0.127452648
UK,57,P_Wind_Onshore_Avg,0.235678412
UK,58,P_Wind_Onshore_Avg,0.255343405
UK,59,P_Wind_Onshore_Avg,0.295880193
UK,60,P_Wind_Onshore_Avg,0.186426719
UK,61,P_Wind_Onshore_Avg,0.149761817
UK,62,P_Wind_Onshore_Avg,0.12185686
UK,63,P_Wind_Onshore_Avg,0.010356
UK,64,P_Wind_Onshore_Avg,0.021368398
UK,65,P_Wind_Onshore_Avg,0.016104255
UK,66,P_Wind_Onshore_Avg,0.04588916
UK,67,P_Wind_Onshore_Avg,0.037338133
UK,68,P_Wind_Onshore_Avg,0.028754463
UK,69,P_Wind_Onshore_Avg,0.05084411
UK,70,P_Wind_Onshore_Avg,0.131500293
UK,71,P_Wind_Onshore_Avg,0.168500076
UK,72,P_Wind_Onshore_Avg,0.09689786
UK,73,P_Wind_Onshore_Avg,0.07786378
UK,74,P_Wind_Onshore_Avg,0.070190515
UK,75,P_Wind_Onshore_Avg,0.280498307
UK,76,P_Wind_Onshore_Avg,0.229295269
UK,77,P_Wind_Onshore_Avg,0.266820605
UK,78,P_Wind_Onshore_Avg,0.084196144
UK,79,P_Wind_Onshore_Avg,0.096406837
UK,80,P_Wind_Onshore_Avg,0.223079502
UK,81,P_Wind_Onshore_Avg,0.290177582
UK,82,P_Wind_Onshore_Avg,0.34226465
UK,83,P_Wind_Onshore_Avg,0.295352638
UK,84,P_Wind_Onshore_Avg,0.210008754
UK,85,P_Wind_Onshore_Avg,0.338234089
UK,86,P_Wind_Onshore_Avg,0.298087384
UK,87,P_Wind_Onshore_Avg,0.310816827
UK,88,P_Wind_Onshore_Avg,0.133727335
UK,89,P_Wind_Onshore_Avg,0.145570111
UK,90,P_Wind_Onshore_Avg,0.302485168
UK,91,P_Wind_Onshore_Avg,0.298395574
UK,92,P_Wind_Onshore_Avg,0.295536755
UK,93,P_Wind_Onshore_Avg,0.303730404
UK,94,P_Wind_Onshore_Avg,0.371550435
UK,95,P_Wind_Onshore_Avg,0.351687819
UK,96,P_Wind_Onshore_Avg,0.289273403
UK,97,P_Wind_Onshore_Avg,0.365413306
UK,98,P_Wind_Onshore_Avg,0.373946346
UK,99,P_Wind_Onshore_Avg,0.431506475
UK,100,P_Wind_Onshore_Avg,0.394676871
UK,101,P_Wind_Onshore_Avg,0.36931732
UK,102,P_Wind_Onshore_Avg,0.365859546
UK,103,P_Wind_Onshore_Avg,0.250017245
UK,104,P_Wind_Onshore_Avg,0.349291568
UK,105,P_Wind_Onshore_Avg,0.311767529
UK,106,P_Wind_Onshore_Avg,0.396445649
UK,107,P_Wind_Onshore_Avg,0.267845898
UK,108,P_Wind_Onshore_Avg,0.180883822
UK,109,P_Wind_Onshore_Avg,0.097253305
UK,110,P_Wind_Onshore_Avg,0.047852206
UK,111,P_Wind_Onshore_Avg,0.189074092
UK,112,P_Wind_Onshore_Avg,0.349756678
UK,113,P_Wind_Onshore_Avg,0.510912134
UK,114,P_Wind_Onshore_Avg,0.504845388
UK,115,P_Wind_Onshore_Avg,0.431007037
UK,116,P_Wind_Onshore_Avg,0.48082756
UK,117,P_Wind_Onshore_Avg,0.502998888
UK,118,P_Wind_Onshore_Avg,0.436873705
UK,119,P_Wind_Onshore_Avg,0.340534928
UK,120,P_Wind_Onshore_Avg,0.206781516
DE,4,P_PV_Utility_Avg,0.012154388
DE,5,P_PV_Utility_Avg,0.090418236
DE,6,P_PV_Utility_Avg,0.172047065
DE,7,P_PV_Utility_Avg,0.126414689
DE,8,P_PV_Utility_Avg,0.112502582
DE,26,P_PV_Utility_Avg,0.095052398
DE,27,P_PV_Utility_Avg,0.280871368
DE,28,P_PV_Utility_Avg,0.431732793
DE,29,P_PV_Utility_Avg,0.480181687
DE,30,P_PV_Utility_Avg,0.501217302
DE,31,P_PV_Utility_Avg,0.442536784
DE,32,P_PV_Utility_Avg,0.390627111
DE,33,P_PV_Utility_Avg,0.232075837
DE,34,P_PV_Utility_Avg,0.138749519
DE,35,P_PV_Utility_Avg,0.014408062
DE,49,P_PV_Utility_Avg,0.16089205
DE,50,P_PV_Utility_Avg,0.269135354
DE,51,P_PV_Utility_Avg,0.423856291
DE,52,P_PV_Utility_Avg,0.507294696
DE,53,P_PV_Utility_Avg,0.5772401
DE,54,P_PV_Utility_Avg,0.546915956
DE,55,P_PV_Utility_Avg,0.531091506
DE,56,P_PV_Utility_Avg,0.442177318
DE,57,P_PV_Utility_Avg,0.38431629
DE,58,P_PV_Utility_Avg,0.254616578
DE,59,P_PV_Utility_Avg,0.161916441
DE,72,P_PV_Utility_Avg,0.006183901
DE,73,P_PV_Utility_Avg,0.184928153
DE,74,P_PV_Utility_Avg,0.341018967
DE,75,P_PV_Utility_Avg,0.465546203
DE,76,P_PV_Utility_Avg,0.526016349
DE,77,P_PV_Utility_Avg,0.502756482
DE,78,P_PV_Utility_Avg,0.48678847
DE,79,P_PV_Utility_Avg,0.432425467
DE,80,P_PV_Utility_Avg,0.374769241
DE,81,P_PV_Utility_Avg,0.296533826
DE,82,P_PV_Utility_Avg,0.165219173
DE,83,P_PV_Utility_Avg,0.033134362
DE,99,P_PV_Utility_Avg,0.154713207
DE,100,P_PV_Utility_Avg,0.189095779
DE,101,P_PV_Utility_Avg,0.162287803
DE,102,P_PV_Utility_Avg,0.101020843
DE,103,P_PV_Utility_Avg,0.084771443
DE,104,P_PV_Utility_Avg,0.090713384
DK,4,P_PV_Utility_Avg,0.051878458
DK,5,P_PV_Utility_Avg,0.142079644
DK,6,P_PV_Utility_Avg,0.087060273
DK,7,P_PV_Utility_Avg,0.048083533
DK,26,P_PV_Utility_Avg,0.037944611
DK,27,P_PV_Utility_Avg,0.252937081
DK,28,P_PV_Utility_Avg,0.457539388
DK,29,P_PV_Utility_Avg,0.517081179
DK,30,P_PV_Utility_Avg,0.519871905
DK,31,P_PV_Utility_Avg,0.457829885
DK,32,P_PV_Utility_Avg,0.473320324
DK,33,P_PV_Utility_Avg,0.281904455
DK,34,P_PV_Utility_Avg,0.118149097
DK,48,P_PV_Utility_Avg,0.068025892
DK,49,P_PV_Utility_Avg,0.261341311
DK,50,P_PV_Utility_Avg,0.39328713
DK,51,P_PV_Utility_Avg,0.532879672
DK,52,P_PV_Utility_Avg,0.597103816
DK,53,P_PV_Utility_Avg,0.6125678
DK,54,P_PV_Utility_Avg,0.592756708
DK,55,P_PV_Utility_Avg,0.541203464
DK,56,P_PV_Utility_Avg,0.494171139
DK,57,P_PV_Utility_Avg,0.384317751
DK,58,P_PV_Utility_Avg,0.233750717
DK,59,P_PV_Utility_Avg,0.082562882
DK,72,P_PV_Utility_Avg,0.003214465
DK,73,P_PV_Utility_Avg,0.170536832
DK,74,P_PV_Utility_Avg,0.31861712
DK,75,P_PV_Utility_Avg,0.46024833
DK,76,P_PV_Utility_Avg,0.537027482
DK,77,P_PV_Utility_Avg,0.559945105
DK,78,P_PV_Utility_Avg,0.574443136
DK,79,P_PV_Utility_Avg,0.477151884
DK,80,P_PV_Utility_Avg,0.316248399
DK,81,P_PV_Utility_Avg,0.13570473
DK,82,P_PV_Utility_Avg,0.00116604
DK,100,P_PV_Utility_Avg,0.053965783
DK,101,P_PV_Utility_Avg,0.026785498
DK,102,P_PV_Utility_Avg,0.079061792
DK,103,P_PV_Utility_Avg,0.033285385
DK,104,P_PV_Utility_Avg,0.029099377
FR,5,P_PV_Utility_Avg,0.123914365
FR,6,P_PV_Utility_Avg,0.159244857
FR,7,P_PV_Utility_Avg,0.200320259
FR,8,P_PV_Utility_Avg,0.185109002
FR,9,P_PV_Utility_Avg,0.138052305
FR,10,P_PV_Utility_Avg,0.003004023
FR,26,P_PV_Utility_Avg,0.040454111
FR,27,P_PV_Utility_Avg,0.166816828
FR,28,P_PV_Utility_Avg,0.386963096
FR,29,P_PV_Utility_Avg,0.438879763
FR,30,P_PV_Utility_Avg,0.523594224
FR,31,P_PV_Utility_Avg,0.444409237
FR,32,P_PV_Utility_Avg,0.387407053
FR,33,P_PV_Utility_Avg,0.226082923
FR,34,P_PV_Utility_Avg,0.169999527
FR,35,P_PV_Utility_Avg,0.089514686
FR,36,P_PV_Utility_Avg,0.010027578
FR,49,P_PV_Utility_Avg,0.080267408
FR,50,P_PV_Utility_Avg,0.268856716
FR,51,P_PV_Utility_Avg,0.418622044
FR,52,P_PV_Utility_Avg,0.493589921
FR,53,P_PV_Utility_Avg,0.516219534
FR,54,P_PV_Utility_Avg,0.511259259
FR,55,P_PV_Utility_Avg,0.524725834
FR,56,P_PV_Utility_Avg,0.477332845
FR,57,P_PV_Utility_Avg,0.40645152
FR,58,P_PV_Utility_Avg,0.332185953
FR,59,P_PV_Utility_Avg,0.244757717
FR,60,P_PV_Utility_Avg,0.073441235
FR,73,P_PV_Utility_Avg,0.098315555
FR,74,P_PV_Utility_Avg,0.287045925
FR,75,P_PV_Utility_Avg,0.438998535
FR,76,P_PV_Utility_Avg,0.541612306
FR,77,P_PV_Utility_Avg,0.587012569
FR,78,P_PV_Utility_Avg,0.5925095
FR,79,P_PV_Utility_Avg,0.559584791
FR,80,P_PV_Utility_Avg,0.494383409
FR,81,P_PV_Utility_Avg,0.438377702
FR,82,P_PV_Utility_Avg,0.279064723
FR,83,P_PV_Utility_Avg,0.113503618
FR,99,P_PV_Utility_Avg,0.127649913
FR,100,P_PV_Utility_Avg,0.165259916
FR,101,P_PV_Utility_Avg,0.158372239
FR,102,P_PV_Utility_Avg,0.168350208
FR,103,P_PV_Utility_Avg,0.235934168
FR,104,P_PV_Utility_Avg,0.265019306
FR,105,P_PV_Utility_Avg,0.174582724
FR,106,P_PV_Utility_Avg,0.017684303
NO,5,P_PV_Utility_Avg,0.066786174
NO,6,P_PV_Utility_Avg,0.098472901
NO,7,P_PV_Utility_Avg,0.035954551
NO,26,P_PV_Utility_Avg,0.188351937
NO,27,P_PV_Utility_Avg,0.396908971
NO,28,P_PV_Utility_Avg,0.498377202
NO,29,P_PV_Utility_Avg,0.56950255
NO,30,P_PV_Utility_Avg,0.553113723
NO,31,P_PV_Utility_Avg,0.520425897
NO,32,P_PV_Utility_Avg,0.418349872
NO,33,P_PV_Utility_Avg,0.287713563
NO,34,P_PV_Utility_Avg,0.105009369
NO,48,P_PV_Utility_Avg,0.007911887
NO,49,P_PV_Utility_Avg,0.165543055
NO,50,P_PV_Utility_Avg,0.230326607
NO,51,P_PV_Utility_Avg,0.30592698
NO,52,P_PV_Utility_Avg,0.348786083
NO,53,P_PV_Utility_Avg,0.488968416
NO,54,P_PV_Utility_Avg,0.501674706
NO,55,P_PV_Utility_Avg,0.533267248
NO,56,P_PV_Utility_Avg,0.451540478
NO,57,P_PV_Utility_Avg,0.380918096
NO,58,P_PV_Utility_Avg,0.210284915
NO,59,P_PV_Utility_Avg,0.045016445
NO,73,P_PV_Utility_Avg,0.042943781
NO,74,P_PV_Utility_Avg,0.193550537
NO,75,P_PV_Utility_Avg,0.358969345
NO,76,P_PV_Utility_Avg,0.457551979
NO,77,P_PV_Utility_Avg,0.508865544
NO,78,P_PV_Utility_Avg,0.482354986
NO,79,P_PV_Utility_Avg,0.398716824
NO,80,P_PV_Utility_Avg,0.243057526
NO,81,P_PV_Utility_Avg,0.156488082
NO,82,P_PV_Utility_Avg,0.06305249
UK,6,P_PV_Utility_Avg,0.054455539
UK,7,P_PV_Utility_Avg,0.04794953
UK,27,P_PV_Utility_Avg,0.118938069
UK,28,P_PV_Utility_Avg,0.272105694
UK,29,P_PV_Utility_Avg,0.388794756
UK,30,P_PV_Utility_Avg,0.511199567
UK,31,P_PV_Utility_Avg,0.57403985
UK,32,P_PV_Utility_Avg,0.521422991
UK,33,P_PV_Utility_Avg,0.362442294
UK,34,P_PV_Utility_Avg,0.207295145
UK,35,P_PV_Utility_Avg,0.056749575
UK,49,P_PV_Utility_Avg,0.019350115
UK,50,P_PV_Utility_Avg,0.226637903
UK,51,P_PV_Utility_Avg,0.36358447
UK,52,P_PV_Utility_Avg,0.506302777
UK,53,P_PV_Utility_Avg,0.473917173
UK,54,P_PV_Utility_Avg,0.480214996
UK,55,P_PV_Utility_Avg,0.39640152
UK,56,P_PV_Utility_Avg,0.393278914
UK,57,P_PV_Utility_Avg,0.315115522
UK,58,P_PV_Utility_Avg,0.261527206
UK,59,P_PV_Utility_Avg,0.178375668
UK,60,P_PV_Utility_Avg,0.063621577
UK,73,P_PV_Utility_Avg,0.033308559
UK,74,P_PV_Utility_Avg,0.19750439
UK,75,P_PV_Utility_Avg,0.256791451
UK,76,P_PV_Utility_Avg,0.354233251
UK,77,P_PV_Utility_Avg,0.38203076
UK,78,P_PV_Utility_Avg,0.500140096
UK,79,P_PV_Utility_Avg,0.46486953
UK,80,P_PV_Utility_Avg,0.427974138
UK,81,P_PV_Utility_Avg,0.329681365
UK,82,P_PV_Utility_Avg,0.243284441
UK,83,P_PV_Utility_Avg,0.124613736
UK,100,P_PV_Utility_Avg,0.049714408
UK,101,P_PV_Utility_Avg,0.20939771
UK,102,P_PV_Utility_Avg,0.230614108
UK,103,P_PV_Utility_Avg,0.310957416
UK,104,P_PV_Utility_Avg,0.172459753
UK,105,P_PV_Utility_Avg,0.07670775
ES,1,P_Wind_Offshore_Deep,0.211
ES,2,P_Wind_Offshore_Deep,0.142
ES,3,P_Wind_Offshore_Deep,0.099
ES,4,P_Wind_Offshore_Deep,0.125
ES,5,P_Wind_Offshore_Deep,0.365
ES,6,P_Wind_Offshore_Deep,0.62
ES,7,P_Wind_Offshore_Deep,0.993
ES,8,P_Wind_Offshore_Deep,0.953
ES,9,P_Wind_Offshore_Deep,0.61
ES,10,P_Wind_Offshore_Deep,0.628
ES,11,P_Wind_Offshore_Deep,0.772
ES,12,P_Wind_Offshore_Deep,0.762
ES,13,P_Wind_Offshore_Deep,0.774
ES,14,P_Wind_Offshore_Deep,0.35
ES,16,P_Wind_Offshore_Deep,0.528
ES,17,P_Wind_Offshore_Deep,0.521
ES,18,P_Wind_Offshore_Deep,0.862
ES,19,P_Wind_Offshore_Deep,0.951
ES,20,P_Wind_Offshore_Deep,0.715
ES,21,P_Wind_Offshore_Deep,0.425
ES,22,P_Wind_Offshore_Deep,0.499
ES,23,P_Wind_Offshore_Deep,0.633
ES,24,P_Wind_Offshore_Deep,0.651
ES,25,P_Wind_Offshore_Deep,0.345
ES,26,P_Wind_Offshore_Deep,0.296
ES,27,P_Wind_Offshore_Deep,0.398
ES,28,P_Wind_Offshore_Deep,0.454
ES,29,P_Wind_Offshore_Deep,0.254
ES,30,P_Wind_Offshore_Deep,0.153
ES,31,P_Wind_Offshore_Deep,0.355
ES,32,P_Wind_Offshore_Deep,0.338
ES,33,P_Wind_Offshore_Deep,0.665
ES,34,P_Wind_Offshore_Deep,0.365
ES,35,P_Wind_Offshore_Deep,0.399
ES,36,P_Wind_Offshore_Deep,0.252
ES,37,P_Wind_Offshore_Deep,0.448
ES,38,P_Wind_Offshore_Deep,0.427
ES,39,P_Wind_Offshore_Deep,0.575
ES,40,P_Wind_Offshore_Deep,0.524
ES,41,P_Wind_Offshore_Deep,0.597
ES,42,P_Wind_Offshore_Deep,0.454
ES,43,P_Wind_Offshore_Deep,0.287
ES,44,P_Wind_Offshore_Deep,0.429
ES,45,P_Wind_Offshore_Deep,0.591
ES,46,P_Wind_Offshore_Deep,0.932
ES,47,P_Wind_Offshore_Deep,0.923
ES,48,P_Wind_Offshore_Deep,0.88
ES,49,P_Wind_Offshore_Deep,0.578
ES,50,P_Wind_Offshore_Deep,0.308
ES,51,P_Wind_Offshore_Deep,0.252
ES,52,P_Wind_Offshore_Deep,0.479
ES,53,P_Wind_Offshore_Deep,0.797
ES,54,P_Wind_Offshore_Deep,0.725
ES,55,P_Wind_Offshore_Deep,0.589
ES,56,P_Wind_Offshore_Deep,0.528
ES,57,P_Wind_Offshore_Deep,0.42
ES,58,P_Wind_Offshore_Deep,0.448
ES,59,P_Wind_Offshore_Deep,0.572
ES,60,P_Wind_Offshore_Deep,0.474
ES,61,P_Wind_Offshore_Deep,0.331
ES,62,P_Wind_Offshore_Deep,0.054
ES,63,P_Wind_Offshore_Deep,0.136
ES,64,P_Wind_Offshore_Deep,0.118
ES,65,P_Wind_Offshore_Deep,0.129
ES,66,P_Wind_Offshore_Deep,0.048
ES,67,P_Wind_Offshore_Deep,0.002
ES,68,P_Wind_Offshore_Deep,0.063
ES,69,P_Wind_Offshore_Deep,0.055
ES,70,P_Wind_Offshore_Deep,0.27
ES,71,P_Wind_Offshore_Deep,0.423
ES,72,P_Wind_Offshore_Deep,0.458
ES,73,P_Wind_Offshore_Deep,0.293
ES,74,P_Wind_Offshore_Deep,0.064
ES,75,P_Wind_Offshore_Deep,0.144
ES,76,P_Wind_Offshore_Deep,0.144
ES,77,P_Wind_Offshore_Deep,0.366
ES,78,P_Wind_Offshore_Deep,0.425
ES,79,P_Wind_Offshore_Deep,0.336
ES,80,P_Wind_Offshore_Deep,0.468
ES,81,P_Wind_Offshore_Deep,0.376
ES,82,P_Wind_Offshore_Deep,0.53
ES,83,P_Wind_Offshore_Deep,0.145
ES,84,P_Wind_Offshore_Deep,0.2
ES,85,P_Wind_Offshore_Deep,0.281
ES,86,P_Wind_Offshore_Deep,0.535
ES,87,P_Wind_Offshore_Deep,0.787
ES,88,P_Wind_Offshore_Deep,0.74
ES,89,P_Wind_Offshore_Deep,0.481
ES,90,P_Wind_Offshore_Deep,0.442
ES,91,P_Wind_Offshore_Deep,0.266
ES,92,P_Wind_Offshore_Deep,0.375
ES,93,P_Wind_Offshore_Deep,0.126
ES,94,P_Wind_Offshore_Deep,0.23
ES,95,P_Wind_Offshore_Deep,0.141
ES,96,P_Wind_Offshore_Deep,0.422
ES,97,P_Wind_Offshore_Deep,0.656
ES,98,P_Wind_Offshore_Deep,0.67
ES,99,P_Wind_Offshore_Deep,0.544
ES,100,P_Wind_Offshore_Deep,0.216
ES,101,P_Wind_Offshore_Deep,0.575
ES,102,P_Wind_Offshore_Deep,0.407
ES,103,P_Wind_Offshore_Deep,0.794
ES,104,P_Wind_Offshore_Deep,0.505
ES,105,P_Wind_Offshore_Deep,0.468
ES,106,P_Wind_Offshore_Deep,0.1
ES,107,P_Wind_Offshore_Deep,0.033
ES,108,P_Wind_Offshore_Deep,0.231
ES,109,P_Wind_Offshore_Deep,0.533
ES,110,P_Wind_Offshore_Deep,0.692
ES,111,P_Wind_Offshore_Deep,0.426
ES,112,P_Wind_Offshore_Deep,0.417
ES,113,P_Wind_Offshore_Deep,0.519
ES,114,P_Wind_Offshore_Deep,0.875
ES,115,P_Wind_Offshore_Deep,0.702
ES,116,P_Wind_Offshore_Deep,0.425
ES,117,P_Wind_Offshore_Deep,0.183
ES,118,P_Wind_Offshore_Deep,0.243
ES,119,P_Wind_Offshore_Deep,0.557
ES,120,P_Wind_Offshore_Deep,0.551
ES,1,P_Wind_Onshore_Avg,0.583
ES,2,P_Wind_Onshore_Avg,0.123
ES,3,P_Wind_Onshore_Avg,0.082
ES,4,P_Wind_Onshore_Avg,0.215
ES,5,P_Wind_Onshore_Avg,0.468
ES,6,P_Wind_Onshore_Avg,0.639
ES,7,P_Wind_Onshore_Avg,0.688
ES,8,P_Wind_Onshore_Avg,0.478
ES,9,P_Wind_Onshore_Avg,0.328
ES,10,P_Wind_Onshore_Avg,0.151
ES,11,P_Wind_Onshore_Avg,0.227
ES,12,P_Wind_Onshore_Avg,0.415
ES,13,P_Wind_Onshore_Avg,0.428
ES,14,P_Wind_Onshore_Avg,0.439
ES,15,P_Wind_Onshore_Avg,0.17
ES,16,P_Wind_Onshore_Avg,0.177
ES,17,P_Wind_Onshore_Avg,0.173
ES,18,P_Wind_Onshore_Avg,0.313
ES,19,P_Wind_Onshore_Avg,0.355
ES,20,P_Wind_Onshore_Avg,0.288
ES,21,P_Wind_Onshore_Avg,0.222
ES,22,P_Wind_Onshore_Avg,0.282
ES,23,P_Wind_Onshore_Avg,0.336
ES,24,P_Wind_Onshore_Avg,0.295
ES,25,P_Wind_Onshore_Avg,0.279
ES,26,P_Wind_Onshore_Avg,0.276
ES,27,P_Wind_Onshore_Avg,0.356
ES,28,P_Wind_Onshore_Avg,0.292
ES,29,P_Wind_Onshore_Avg,0.385
ES,30,P_Wind_Onshore_Avg,0.394
ES,31,P_Wind_Onshore_Avg,0.484
ES,32,P_Wind_Onshore_Avg,0.438
ES,33,P_Wind_Onshore_Avg,0.561
ES,34,P_Wind_Onshore_Avg,0.491
ES,35,P_Wind_Onshore_Avg,0.346
ES,36,P_Wind_Onshore_Avg,0.176
ES,37,P_Wind_Onshore_Avg,0.132
ES,38,P_Wind_Onshore_Avg,0.202
ES,39,P_Wind_Onshore_Avg,0.218
ES,40,P_Wind_Onshore_Avg,0.223
ES,41,P_Wind_Onshore_Avg,0.128
ES,42,P_Wind_Onshore_Avg,0.033
ES,43,P_Wind_Onshore_Avg,0.007
ES,44,P_Wind_Onshore_Avg,0.072
ES,45,P_Wind_Onshore_Avg,0.176
ES,46,P_Wind_Onshore_Avg,0.163
ES,47,P_Wind_Onshore_Avg,0.172
ES,48,P_Wind_Onshore_Avg,0.102
ES,49,P_Wind_Onshore_Avg,0.22
ES,50,P_Wind_Onshore_Avg,0.228
ES,51,P_Wind_Onshore_Avg,0.203
ES,52,P_Wind_Onshore_Avg,0.11
ES,53,P_Wind_Onshore_Avg,0.062
ES,54,P_Wind_Onshore_Avg,0.115
ES,55,P_Wind_Onshore_Avg,0.18
ES,56,P_Wind_Onshore_Avg,0.158
ES,57,P_Wind_Onshore_Avg,0.225
ES,58,P_Wind_Onshore_Avg,0.209
ES,59,P_Wind_Onshore_Avg,0.284
ES,60,P_Wind_Onshore_Avg,0.182
ES,61,P_Wind_Onshore_Avg,0.191
ES,62,P_Wind_Onshore_Avg,0.173
ES,63,P_Wind_Onshore_Avg,0.203
ES,64,P_Wind_Onshore_Avg,0.123
ES,65,P_Wind_Onshore_Avg,0.083
ES,66,P_Wind_Onshore_Avg,0.06
ES,67,P_Wind_Onshore_Avg,0.035
ES,68,P_Wind_Onshore_Avg,0.037
ES,69,P_Wind_Onshore_Avg,0.026
ES,70,P_Wind_Onshore_Avg,0.09
ES,71,P_Wind_Onshore_Avg,0.069
ES,72,P_Wind_Onshore_Avg,0.099
ES,73,P_Wind_Onshore_Avg,0.05
ES,74,P_Wind_Onshore_Avg,0.07
ES,75,P_Wind_Onshore_Avg,0.019
ES,76,P_Wind_Onshore_Avg,0.024
ES,77,P_Wind_Onshore_Avg,0.004
ES,78,P_Wind_Onshore_Avg,0.044
ES,79,P_Wind_Onshore_Avg,0.054
ES,80,P_Wind_Onshore_Avg,0.102
ES,81,P_Wind_Onshore_Avg,0.093
ES,82,P_Wind_Onshore_Avg,0.103
ES,83,P_Wind_Onshore_Avg,0.111
ES,84,P_Wind_Onshore_Avg,0.125
ES,85,P_Wind_Onshore_Avg,0.17
ES,86,P_Wind_Onshore_Avg,0.161
ES,87,P_Wind_Onshore_Avg,0.158
ES,88,P_Wind_Onshore_Avg,0.094
ES,89,P_Wind_Onshore_Avg,0.187
ES,90,P_Wind_Onshore_Avg,0.216
ES,91,P_Wind_Onshore_Avg,0.214
ES,92,P_Wind_Onshore_Avg,0.08
ES,93,P_Wind_Onshore_Avg,0.044
ES,94,P_Wind_Onshore_Avg,0.042
ES,95,P_Wind_Onshore_Avg,0.045
ES,96,P_Wind_Onshore_Avg,0.074
ES,97,P_Wind_Onshore_Avg,0.138
ES,98,P_Wind_Onshore_Avg,0.151
ES,99,P_Wind_Onshore_Avg,0.188
ES,100,P_Wind_Onshore_Avg,0.198
ES,101,P_Wind_Onshore_Avg,0.443
ES,102,P_Wind_Onshore_Avg,0.412
ES,103,P_Wind_Onshore_Avg,0.498
ES,104,P_Wind_Onshore_Avg,0.331
ES,105,P_Wind_Onshore_Avg,0.377
ES,106,P_Wind_Onshore_Avg,0.374
ES,107,P_Wind_Onshore_Avg,0.365
ES,108,P_Wind_Onshore_Avg,0.428
ES,109,P_Wind_Onshore_Avg,0.321
ES,110,P_Wind_Onshore_Avg,0.342
ES,111,P_Wind_Onshore_Avg,0.214
ES,112,P_Wind_Onshore_Avg,0.133
ES,113,P_Wind_Onshore_Avg,0.153
ES,114,P_Wind_Onshore_Avg,0.198
ES,115,P_Wind_Onshore_Avg,0.271
ES,116,P_Wind_Onshore_Avg,0.372
ES,117,P_Wind_Onshore_Avg,0.355
ES,118,P_Wind_Onshore_Avg,0.554
ES,119,P_Wind_Onshore_Avg,0.39
ES,120,P_Wind_Onshore_Avg,0.488
ES,1,P_PV_Utility_Avg,0.062
ES,2,P_PV_Utility_Avg,0.129
ES,3,P_PV_Utility_Avg,0.201
ES,4,P_PV_Utility_Avg,0.257
ES,5,P_PV_Utility_Avg,0.201
ES,6,P_PV_Utility_Avg,0.178
ES,7,P_PV_Utility_Avg,0.117
ES,8,P_PV_Utility_Avg,0.104
ES,9,P_PV_Utility_Avg,0.084
ES,10,P_PV_Utility_Avg,0.042
ES,11,P_PV_Utility_Avg,0.016
ES,12,P_PV_Utility_Avg,0
ES,23,P_PV_Utility_Avg,0.001
ES,24,P_PV_Utility_Avg,0.032
ES,25,P_PV_Utility_Avg,0.126
ES,26,P_PV_Utility_Avg,0.258
ES,27,P_PV_Utility_Avg,0.362
ES,28,P_PV_Utility_Avg,0.426
ES,29,P_PV_Utility_Avg,0.518
ES,30,P_PV_Utility_Avg,0.559
ES,31,P_PV_Utility_Avg,0.541
ES,32,P_PV_Utility_Avg,0.41
ES,33,P_PV_Utility_Avg,0.307
ES,34,P_PV_Utility_Avg,0.193
ES,35,P_PV_Utility_Avg,0.103
ES,36,P_PV_Utility_Avg,0.03
ES,37,P_PV_Utility_Avg,0.003
ES,46,P_PV_Utility_Avg,0.002
ES,47,P_PV_Utility_Avg,0.034
ES,48,P_PV_Utility_Avg,0.094
ES,49,P_PV_Utility_Avg,0.224
ES,50,P_PV_Utility_Avg,0.366
ES,51,P_PV_Utility_Avg,0.509
ES,52,P_PV_Utility_Avg,0.563
ES,53,P_PV_Utility_Avg,0.592
ES,54,P_PV_Utility_Avg,0.613
ES,55,P_PV_Utility_Avg,0.547
ES,56,P_PV_Utility_Avg,0.484
ES,57,P_PV_Utility_Avg,0.369
ES,58,P_PV_Utility_Avg,0.298
ES,59,P_PV_Utility_Avg,0.167
ES,60,P_PV_Utility_Avg,0.064
ES,61,P_PV_Utility_Avg,0.014
ES,62,P_PV_Utility_Avg,0
ES,70,P_PV_Utility_Avg,0.001
ES,71,P_PV_Utility_Avg,0.021
ES,72,P_PV_Utility_Avg,0.092
ES,73,P_PV_Utility_Avg,0.223
ES,74,P_PV_Utility_Avg,0.376
ES,75,P_PV_Utility_Avg,0.496
ES,76,P_PV_Utility_Avg,0.587
ES,77,P_PV_Utility_Avg,0.631
ES,78,P_PV_Utility_Avg,0.626
ES,79,P_PV_Utility_Avg,0.526
ES,80,P_PV_Utility_Avg,0.447
ES,81,P_PV_Utility_Avg,0.339
ES,82,P_PV_Utility_Avg,0.22
ES,83,P_PV_Utility_Avg,0.083
ES,84,P_PV_Utility_Avg,0.011
ES,85,P_PV_Utility_Avg,0
ES,95,P_PV_Utility_Avg,0
ES,96,P_PV_Utility_Avg,0.008
ES,97,P_PV_Utility_Avg,0.046
ES,98,P_PV_Utility_Avg,0.115
ES,99,P_PV_Utility_Avg,0.248
ES,100,P_PV_Utility_Avg,0.328
ES,101,P_PV_Utility_Avg,0.345
ES,102,P_PV_Utility_Avg,0.319
ES,103,P_PV_Utility_Avg,0.29
ES,104,P_PV_Utility_Avg,0.25
ES,105,P_PV_Utility_Avg,0.137
ES,106,P_PV_Utility_Avg,0.048
ES,107,P_PV_Utility_Avg,0.007
ES,108,P_PV_Utility_Avg,0